	reference.accession	element.type	element.symbol	element.description	element.start	element.end	element.strand	element.sequence	color_hex
0	MT903344.1	cds	MPXV-UK_P2-001	MPXVgp001	843	1584	-1	MKQYIVLACMCLVAAAMPTSLQQSSSSCTEEENKHHMGIDVIIKVTKQDQTPTNDKICQSVTEVTETEDDEVSEEVVKGDPTTYYTIVGAGLNMNFGFTKCPKISSISESSDGNTVNTRLSSVSPGQGKDSPAITREEALAMIKDCEMSIDIRCSEEEKDSDIKTHPVLGSNISHKKVSYKDIIGSTIVDTKCVKNLEFSVRIGDMCEESSELEVKDGFKYVDGSASEGATDDTSLIDSTKLKACV	#00034b
1	MT903344.1	cds	MPXV-UK_P2-002	MPXVgp002	1710	2760	-1	MRSVLYSYILFLSCIIINGRDIAPHAPSNGKCKDNEYRSRNLCCLSCPPGTYASRLCDSKTNTQCTPCGSDTFTSHNNHLQACLSCNGRCDSNQVETRSCNTTHNRICECSPGYYCLLKGASGCRTCISKTKCGIGYGVSGYTSTGDVICSPCGPGTYSHTVSSTDKCEPVVTSNTFNYIDVEINLYPVNDTSCTRTTTTGLSESISTSELTITMNHKDCDPVFRAEYFSVLNNVATSGFFTGENRYQNTSKICTLNFEIKCNNKDSSSKQLTKTKNDTIMPHSETVTLVGDCLSSVDIYILYSNTNTQDYENDTISYHMGNVLDVNSHMPASCDIHKLITNSQNPTHL	#0006ae
2	MT903344.1	cds	MPXV-UK_P2-003	MPXVgp003	2849	4616	-1	MDEMDEIVRIVNDSMWYVPNAFMDDGDNEGHISVNNVCHMYLAFFDVDISSHLFKLVIKHCDLNKRLKCGNSPLHCYTMNTRFNPSVLKILLRHGMRNFDSKDKKGHIPLHHYLIHSLSIDNKIFDILTDPIDDFSKSSDLLLCYLRYKFNGSLNYYVLYKLLTKGSDPNCVDEDGLTSLHYYCKHISAFHESNYYKSKSHTKMRAEKRFIYAIIDHGANINAVTKIGNTPLHTYLQQYTKHSPRVVYALLSRGADTRIRNNLDCTPIMEYIKNDCATGHILIMLLNWHEQKYGKLQKEEGQHLLYLFIKHNQGYGSRSLNILRYLLDRFDIQKDEYYNTMTPLHTAFQNCNNNVASYLVYIGYDINLPTKDDKTVFDLVFENRNIIYKADVVNDIIHHRLKVSLPMIKSLFYKMSEFSPYDDHYVKKIIAYCLLRDESFAELHTKFCLNEDYKSVFMKNISFDKIDSIIEKCSRDISLLKEIRISDTDLYTVLRTEDIRYHTYLEAIHSDKRISFPMYDDLIEQCHLSMEHKSKLVDKALNKLESTIDSQSRLSYLPPEIMRNIITKLSDYHLNSMLYGKNHYKYYP	#000b21
3	MT903344.1	cds	MPXV-UK_P2-004	MPXVgp004	4851	6165	-1	MESVDFMAVDEQFHDDLDLWSLSLVDDYKKHGLGVDCYVLEPVVDRKIFDRFLLEPICDPVDVLYDYFRIHRDNIDQYIVDRLFAYITYKDIISALVSKNYMEDIFSIIIKNCNSVQDLLLYYLSNAYVEIDIVDLMVDHGAVIYKIECLNAYFRGICKKESSVVEFILNCGIPDENDVKLDLYKIIQYTRGFLVDEPTVLEIYKLCIPYIEDINQLDAGGRTLLYRAIYAGYIDLVSWLLENGANVNAVMSNGYTCLDVAVDRGSVIARREAHLKILEILLREPLSIDCIKLAILNNTIENHDVIKLCIKYFMMVDYSLCNVYASSLFDYIIDCKQELEYIRQMKIHNTTMYELIYNRDKNKHASHILHRYSKHPVLTQCITKGFKIYTEVTEQVTKALNRRALIDEIINNVSTDDNLLSKLPLEIRDLIVSQAVI	#0012f3
4	MT903344.1	cds	MPXV-UK_P2-006	MPXVgp006	7588	8017	1	MSIKYLMLLFAAMIIRSLADSGNAIETTSPEITNATTDIPAIRLCGPEGDGYCLHGDCIHARDIDGMYCRCSHGYTGIRCQHVVLVDYQRSGKPDTTTSYIPSLGIVLVLVGIIITCCLLSVYMFTRRTKLPIQDMVVLYFL	#001da4
5	MT903344.1	cds	MPXV-UK_P2-008	MPXVgp008	9595	10324	1	MEFDPVKINTSSIDHVTILQYIDEPNDIRLTVCIIRNVNNITYYINITKINPHLANRFRAWKKRIAGRDYMTNLSRDTGIQQSKLTETIRNCQKNKNIYGLYIHYNLVINVVIDWITDVIVQSILRGLVNWYIANNTYTPNTPNNTTTISELDIIKILDKYEDMYRVSKEKECGICYEVVYSKRLENDRYFGLLDSCNHIFCITCINIWHRTRRETGASDNCPICRTRFKKITMSKFYKLVN	#00257b
6	MT903344.1	cds	MPXV-UK_P2-009	MPXVgp009	10486	10867	-1	MRILFLIAFMYGCVHSYVNAVETKCPNLAIVTSSGEFHCSGCVERMPGFSYMYWLANDMKSDEDTKFIEHLGGGIKEDETVRTTDGGITTLRKVLHVTDTNKFAHYRFTCVLITLDGVSKKNIWLK	#0028f6
7	MT903344.1	cds	MPXV-UK_P2-010	MPXVgp010	10926	12909	-1	MFDYLENEEVVLDELKQMLRDRDPNDTRNQFKNNALHAYLFNEHCNNVEVVKLLLDSGTNPLHKNWRQFTPIEEYTNSRHVKVNKDIAMALLEATGYSNINDFNIFSYMKSKNVDVDLIKVLVEHGFDLSVKCENHRSVIENYVMTDDPVPEIIDLFIENGCSVLYEDDEYGYVYDDYQPRNCGTVLHLYIIAHLYSESDTRAYVRPEVVKCLINHGIKPSSIDKNYCTALQYYIKSSHIDIDIVKLLMKGIDNTAYSYIDDLTCCTRGIMADYLNSDYRYNKDVDLDLVKLFLENGKPYGIMCSIVPLWRNDKETISLILKTMNSDVLQHILIEYMTFGDIDIPLVECMLEYGAVVNKEAIHRYFRNINIDSYTMKYLLKKEGGDAVNHLDDGEIPIGHLCESNYGCYNFYTYTYKKGLCDMSYVCPILSTINICLPYLKDINMIDKRGETLLHKAVRYNKQSLVSLLLESGSDVNIRSNNGYTCITIAINESRNIELLKMLLCHKPTLDCVIDSLSEVSNIVDNAYAIKQCIKYTMIIDDCTSSKIPESISQRYNDYIDLCNQELNEMKKIMVGGNTMFSLIFTEHGAKIIHRYANNPELRAYYESKQNKIYVEAYDIISDAIVKHNKIHKTIIKSVDDNTYISNLPYTIKYKIFEQQ	#002aae
8	MT903344.1	cds	MPXV-UK_P2-011	MPXVgp011	13042	13237	-1	MSSKGGSSGGMWSVFIHGHDGSNKGSKTYTSSGSGMWGGGSSSGVKSGVNGGVNGGVKSGTGKI	#0032f2
9	MT903344.1	cds	MPXV-UK_P2-012	MPXVgp012	13383	15276	-1	MVNDKILYDSCKTFNIDASSAQSLIESGANPLYEYDGETPLKAYVTKKNNNIKNDVVILLLSSVDYKNINDFDIFEYLCSDNIDIDLLKLLISKGIEINSIKNGINIVEKYATTSNPNIDVFKLLLDKGIPTCSNIQYGYNIIPIQCTDYIYFNWDDEFDYLDYDYTTDYDNRMGKTVLYYYIITRSQDGYVTSLDVINYLISHENEMCHYTYRERTILYYYVDKCDIKREIFDVLFDSNYSGNELMHILSIYLRKQYRKKNHKIDNYIVDKLLSAHDTFYILELCNSLRNNVIISSILKRYTDSIQDLLSEYVSYHTVYINVIKCMIREGAILYRFKHINKYFKRFDNRDPKVVEYILKNGNVVVNDDNIINIMPLFPTLFIHESEVLSILEICKPYIDDINKIDKHGRSILYYCIESHSVALIEWLIDNGADINITTTYGSTCIGICVIMAHACIPEIAEIYIKILEIILSKLPTIECIKKTVDYLSNDRHLLIGNKAKSLLKICIKYFILVDYKYICDTYPSYIEYITDCEKEIADMCQIKINGTDMLTVMYKLNKPTKKRYVNNPIFTDWANKQYKFYNQIIYNANRLIEQSKKIDNMIDEVSADNNRLSTLPLELRHLIFSYAFL	#003447
10	MT903344.1	cds	MPXV-UK_P2-013	MPXVgp013	15933	16386	-1	MGIQHEFDIIINGDIALRNLQLHRGDNYGCKLKIISNDYKKLKLRFIIRPDWSEIDEVKGLTVFANNYAVKVNKVDYTFYYVIYEAVIHLYNKKTEILIYSDDENELFKHYYPYISLNMISKKYKVKEENYSSPYIEHPLIPYRDYESMD	#003e3d
11	MT903344.1	cds	MPXV-UK_P2-014	MPXVgp014	16610	17078	-1	MNVYNKADSFSLESDSIKDVIHDYICWLSMTDETRPSIGNVFTAMETFKIDAVRYYDGNIYDLAKDINTMSFDSFIRSLQNITSKKDKLTVYGTMGLLSIVVDINKGRDVSNIKFAAGIIILMEYIFDDTDLSHLKIALYRRIQRCYPIDDDDDR	#0040e2
12	MT903344.1	cds	MPXV-UK_P2-015	MPXVgp015	17221	17842	-1	MTSLIMDMNRLNLDKLKHENIFSDNIIEDAKEFIFGSRKIYTDSVDDLIELYSLAKYLNNQTLKDVVIERMDYVCKYIGKDNWSTIYSFYKENGLRNSFLRQYINNNIEEICSTDQFLKLDVDSVCDILDNDEIVVTREYTILNMVLRWLENKRVNIDDFTKVMFVIRFKFITYSELTNAIEKIAPEYRQRLQDLYHKKLRVLDIL	#004345
13	MT903344.1	cds	MPXV-UK_P2-016	MPXVgp016	17886	18837	-1	MDTIKIFNHGEFDTIRNELVNLLKVVKWNTINSNVTVSSTDTIDISDCIREILYKQFKNVRNIEVSSDISFIKYNRFNDTTITDDNMGYYLVIYLNRTKSLKTLIYPTLETVISSSDDIMFSKSLNFRFENTKREYKLVMCSISLIYKPSICRIQYDNNKYIDISDSQEGNNLCYCVITMDPHHLIDLETMCVLVDKSGKCLLVNEFYIRFRKNHIYNSFVDICMDHIFELPNTKELFTLCNDDGRNIAWDNDKLESGNNTWIPKTDDEYMFLSKLMNIAKFNNTKFDYYVLVGDTDPCTVFTFKVTKYYININYE	#0045de
14	MT903344.1	cds	MPXV-UK_P2-017	MPXVgp021	18767	19148	-1	MRWKKINITINNVEMILVAAIIIDVPPVIDLCVKTMIHNINSTNCIRMFNFSKRYGIKKLYNTSMSEIINNITAVTSDPGTYFQNVYTNKHKKYTMVYVRSDIKWILLKYLIMESLILLEMNWSTC	#00494f
15	MT903344.1	cds	MPXV-UK_P2-018	MPXVgp022	19369	20014	-1	MIMRTDTNNILMRHLKNLTDDEFKCIIHRSSDFLYLSDRDYTSITKETLVSEIVEEYPDDCNKILAIIFLVLDKDIDVDIETKLTPTPKPAVRFAILDKMTADIKLTDLVRHYFRYIEQDIPLGPLFKKIDSYRIRAINNYSKELGLATEYFNKYGHLMFYTLPIPYNRFFCRNSIGFLAVLSPTIGYVKAFYKFIEYVSIDDRLKFKKELMSK	#004ba9
16	MT903344.1	cds	MPXV-UK_P2-019	MPXVgp023	20059	20413	-1	MRTLLIRYILWRNDGDPSYYNDDFKKLILFDELVDDDDVCTLIKNMRMTLSDGPLLDRLNQPVNNVEDVKRMIAISAKVARDIGRRSEIRWEDSFTILFRMIEKYFDDLMTDLYGEK	#004e5b
17	MT903344.1	cds	MPXV-UK_P2-020	MPXVgp024	20539	21073	-1	MTSSAMDNNESKVLEMVYDATILPDCSGMDPSIIDCINRHINMRIQRSYSSNIIAILDRFLMMNKDELNNTQCHIIKEFMTYEQMAIDYYGGYVNAILYQIRKRPNQHHTIDLFKRIKRTRYDTFKVNPVEFVKKVIGFVSILNKYKPIYSYVLYENVLYDELKCFIDYVETKYFQN	#00503b
18	MT903344.1	cds	MPXV-UK_P2-021	MPXVgp025	21113	22442	-1	MSVEYYLSLYAKYNSKNLDVFRNMLQVIEPSGNYHILHAYCGIKGLDERFIEELLHRGYSPNETDDDGNYPLHIASKINNNRIVAMLLVHGADPNACDKHNKTPLYYLSGTDDEVIERINLLVQYGAKINNSVDEEGCGPLLACTDPSERVFKKIMSIGFEARIVDKFGKNHIHRHLMSDNPKASTISWMMKLGISPSKPDHDGNTPLHIVCSKTVKYVDIINLLLPSTDVNKQNKFGDSPLTLLIKTLSPAHLINKLISTSNVITDQTVNICIFYDRDDVLEIINDKGKQYDSTDFKMAVEVGSIRCVKYLLDNDIICEDAMYYAVLSEYETMVDYLLFNHFSVDSIVNGHTCMSECVRLNNPVILSKLMLHNPTSETMYITMKEIEKDKLDKSIIIPFIAYFVLMHPDFCKNCRYFTSYKRFVTDYVHEGVSYEVFDDYF	#005279
19	MT903344.1	cds	MPXV-UK_P2-022	MPXVgp026	22505	23168	-1	MVYKLVLLFCIASLGYSVEYKNTICPHRQDYRYWYFVAELTIGVNYDINSTIIGECHMSESYIDRNANIVLTGYGLKVNMTIMDTDQRFVAAAEGVGKDNKLSVLLFTTQRLDKVHHNISVTITCMEMNCGTTKYNSDLPESIHKSSSCDITINGSCVTCVNLETDPTKINPHYLHPKNKYLYHNSEYSMRGSYGVTFIDELNQCLLDIKELSYDICYRE	#0057e9
20	MT903344.1	cds	MPXV-UK_P2-023	MPXVgp027	23272	24127	-1	MDLSRINTWKSKQLKSFLSSKDAFKADINGHSVLYYAIADNNVRLVCTLLNAGALKNLLDNEFPLHQAATLEDTKIVKILLFSGMDDSQFDDKGNTALYYAVDSGNMQTVKLFVKKNWRLMFYGKTGWKTSFYHAVMLNDVSIVSYFLSEIPSPFDLAILLSCIHTTIKNGHVDMMILLLDYMTSTNTNSLLFIPDIKLAIDNKDIEMLQALFKYDINIYSVNLENVLLDDAEIAKMIIEKHVEYKSDSYTKDLDDVKNNKLDEIISKNEELRLMYVNCVRKNY	#005ae8
21	MT903344.1	cds	MPXV-UK_P2-024	MPXVgp028	24359	25487	-1	MIALLILSLACSVSAYRLQGFINAGILAYKNIQNGDEDDNDNIVFSPFGYSFSMFMSLLSASGNTRVELLNTMNLRKRDLGPAFTELISGLAKMKTSKYTYTDLTYQSFVDSTVCIKPSYYQQYHRFGLYRLNFRRDAVNKINSIVERRSGMSNVVDSTMLDDNTLWAIINTIYFKGTWQYPFDITKTHNASFTNKYGTKTVPMMNVVTKLQGNTITIDDEEYDMVRLLYKDANISMYLAIGDNMTHFTDSITPAKLEYWSSQLGNKMYNLKLPRFSIENKRDIKSIAEMMAPSMFNPDKASFKHMTRDPLYIYKMFQNVKIDVDEQGTVAEASTIMVATARSSPEELEFNTPFVFIIRHDITGFILFMGKVEYT	#005f27
22	MT903344.1	cds	MPXV-UK_P2-025	MPXVgp029	25644	25776	-1	MLAFCYSLPNAGDVIKGRVYENDYTLYIYLFDYPHFEAILAEC	#00642c
23	MT903344.1	cds	MPXV-UK_P2-026	MPXVgp030	25831	27106	-1	MNPDNTIAVITETIPIGMQFDKVYLTTFNMWREILSNTIKTLDISSFYWSLSDEVGTNFGTVILNEIVQLPKRGVRVRVAVNKSNKPLKDVERLQMAGVEVRYIDITNILGGVLHTKFWISDNTHIYLGSANMDWRSLTQVKELGIAIFNNRNLAADLTQIFEVYWYLGVNNLPYNWKNFYPSYYNTDHPLSINVSGVPHSVFIASAPQQLCTMERTNDLTALLSCIGNASKFVYVSVMNFIPIIYSKAGKILFWPYIEDELRRSAIDRQVSVKLLISCWQRSSFIMRNFLRSIAMLKSKNIDIEVKLFIVPDADPPIPYSRVNHAKYMVTDKTAYIGTSNWTGNYFTDICGASINITPDDGLGLRQQLEDIFIRDWNSKYSYELYDTSPTKRCRLLKNMKQCTNDIYCDEIQPEKELPEYSLE	#0064e7
24	MT903344.1	cds	MPXV-UK_P2-027	MPXVgp031	27133	27964	-1	MSTNCMFNLDNDYIYCKYWKPITYPKALVFISHGAGEHSGRYDELAENISSLGILVFSHDHIGHGRSNGEKMMIDDFGKYVRDVVQHVVTIKSTYPGVPVFLLGHSMGATISILAACDNPNLFTAMILMSPLVNADAVPRLNLLAAKLMGTITPNASVGKLCPESVSRDMDEVYKYQYDPLVNHEKIKAGFASQVLKATNKVRKIIPKINTPTLILQGTNNEISDVSGAYYFMQHANCNREIKIYEGAKHHLHKETDEVKKSVMKEIETWIFNRVK	#0069fd
25	MT903344.1	cds	MPXV-UK_P2-028	MPXVgp032	28099	28549	1	METKSDYEDAVFYFVDDDEICSRDSIIDLIDEYITWRNHVIVFNKDITSCGRLYKELIKFDDVAIRYYGIDKINEIVEAMSEGDHYINLTEVHDQESLFATIGICAKITEHWGYKKISESKFQSLGNITDLMTDDNINILILFLEKKMN	#006dc3
26	MT903344.1	cds	MPXV-UK_P2-029	MPXVgp033	28611	29271	-1	MLSMFMYNNIIDYVHVHDIEDEASDNDDRDYVYPLPENMVYRFDKSTNILDYLSTERDHVMMAVQYYMSKQRLDDLYRQLPTKTRSYVDIINTYCDKVNNDYNSDMNIMCDMASTESFTVYDINNEVNTILMNNKGLGVRLATISFITELGRRCMNPVETIKMFTLLSHTICDDYFVDYITYISAPRDNAIHSTREYLKIMGIAVIMFATYKTLKYMIG	#006fc3
27	MT903344.1	cds	MPXV-UK_P2-030	MPXVgp034	29282	29738	-1	MIFFMFNMNINSPVRFVKETNRAKSPTRQSPGAAGYDLYSAYDYTIPPGERQLIKTDISMSMPKFCYGRIAPRSGLSLKGIDIGGGVIDEDYRGSIGVILINNGKCTFNVNTGDRIAQLIYQRIYYPELEEVQSLDSTDRGDQGFGSTGLR	#007262
28	MT903344.1	cds	MPXV-UK_P2-031	MPXVgp035	29754	31203	-1	MPIFVNTVYCKNILALYTTKKFKTIIEAIGGNIIVNSTILKKLSPYFRTHLRQKYTKNKDPVTRVCLDLDIHSLTSIVIYSYTGKVYIDSHNVVNLLRASILTSVEFIIYTCINFILRDFRKEYCIECYMMGIEYGLSNLLCHTKDFITKHFLELEDDIIDNFDYLSMKLILESDELNVPDEDYVVDFVIKWYMRRRNRLGNLLLLIKNVIRSNYLSPRGIHNVKWILDCNIIFHCDKQPRKSYKYPFIEYPMNMDQIIDIFHMCTSTHVGEVVYLIGGWMNNEIHNNAIAVNYISNNWIPIPPMNSPRLYASGIPANNKLYVVGGLPNPTSVERWFHGDAAWVNMPSLLKPRCNPAVASINNVIYVMGGHSETDTTTEYLLPNHDQWQFGPSTYYPHYKSCALVFGRRLFLVGRNAEFYCESSNTWTLIDDPIYPRDNPELIIVDNKLLLIGGFYRGSYIDTIEVYNNRTYSWNIWDGMEW	#00743a
29	MT903344.1	cds	MPXV-UK_P2-032	MPXVgp036	31213	32173	-1	MEPILAPNPNRFVIFPIQYHDIWNMYKKAEASFWTVEEVDISKDINDWNKLTPDEKYFIKHVLAFFAASDGIVNENLAERFCTEVQITEARCFYGFQMAIENIHSEMYSLLIDTYVKDSNEKNYLFNAIETMPCVKKKADWAQKWIHDSAGYGERLIAFAAVEGIFFSGSFASIFWLKKRGLMPGLTFSNELISRDEGLHCDFACLMFKHLLHPPSEETVRFIITNAVSIEQEFLTVALPVKLIGMNCEMMKTYIEFVADRLISELGFKKIYNVTNPFDFMENISLEGKTNFFEKRVGEYQKMGVMSQEDNHFSLDVDF	#0079ed
30	MT903344.1	cds	MPXV-UK_P2-033	MPXVgp037	32203	33160	-1	MCTNVVRVFVILYLLAECGCIKYDVDDNVHICTHTVMSHINYTSWYYNDKVIALATEDKTSGYISSFIKRVNISLTCLNISSLRYEDSGTYKGVSHLKDGVIVTTTMNISVKANIIDLTGRVRYLTRNYCEVKIRCEITSFALNGSTPPHMILGTVDKWKYLPFPTDDYRYVGELKRYISGNPYPTESLALEISSTFNRFTIVKNLNDDEFSCYLFSQNYSFHKTLNVRNICESEWEALNNNDNASSVPASHNNLTNDLSSMTSQLQNDDNDYSTPMNVDNLIMIVVITMLSIILVIIVVIAAIAIYKRSKYSRHTDN	#007dcb
31	MT903344.1	cds	MPXV-UK_P2-034	MPXVgp038	33189	33417	-1	MSKILTFVKNKIIDLINNDHQIKYSRVMMIEESDSLLPVDEVHVNHGFDCVEMIDENISNENIEQYKTESFFTIN	#0081a5
32	MT903344.1	cds	MPXV-UK_P2-035	MPXVgp039	33433	33658	-1	MGSCCGRFCDAKNKKEDVEDGREGCCDYKNLNDLDESEARVEFGPLYMINEEKSDINTLDIKRRYRHTIESVYF	#008299
33	MT903344.1	cds	MPXV-UK_P2-036	MPXVgp040	33809	34004	-1	MEGSKRKHDSRRLQEQEQPRPRTPPSYEEIAKYGHSFNVKRFTNEEMCLKNDYPRIISYNPPPK	#008411
34	MT903344.1	cds	MPXV-UK_P2-037	MPXVgp041	34060	34699	-1	MAETKEFKTLYNLFIDSYLQKLAQHSIPTNVTCAIHIGEVIGQFKNCALRITNKCMSNSRLSFTLMVESFIEVISLLPEKDRRAIAEEIGIDLDDVPSVVSKLEKNCNAYAEVNNIIDIQKLNIGECSAPPGQHMLLQIVNTGSAEANCGLQTIVKSLNKIYVPPIIENRLPYYDPWFLVGVAIILVIFTVAICSIRRNLALKYRYGTFLYV	#00850c
35	MT903344.1	cds	MPXV-UK_P2-038	MPXVgp042	34685	36005	-1	MGVANDSSPEYQWMSPHRLSDTVILGDCLYFNNIMSQLDLHQNWAPSVRLLNYFKNFNKETLLKIEENDYINSSFFQQKDKRFYPINDDFYHISTGGYGIVFKIDNYVVKFVFEATKLYSPMETTAEFTVPKFLYNNLKGDEKKLIVCAWAMGLNYKLTFLHTLYKRVLHMLLLLIQTMDGQELSLRYSSKVFLKAFNERKDSIKFVKLLSHFYPAVINSNINVINYFNRMFHFFEHEKRTNYEYERGNIIIFPLALYSADKVDTELAIKLGFKSLVQYIKFIFLQMSLLYIKIYELPCCDNFLHADLKPDNILLFDSNEPIIIHLKNKKFVFNERIKSALNDFDFSQVAGIINKKIKNNFKVEHNWYYDFHFFVHTLLKTYPEIEKDIEFSTALEEFIMCTKTDCDKYRLKVSILHPISFLEKFIMRDIFSDWINGRN	#00877d
36	MT903344.1	cds	MPXV-UK_P2-039	MPXVgp043	36027	37092	-1	MGFCIPLRSKMLKRVSRKSSSILARRPTPKKMNIVTDSENRLKKNSYIENTNQGNILMDSIFVSTMPVETLFGSYITDDNDDYELKDLLNVTYNIKPVIVPDIKLDSVLDRDGNFRPADCFLVKLKHSDGFTKGALYLGHSAGFTATICLKNEGVSGLYIPGTSVVRSNICQGDTIVSRSSRGVQFLPQIGGEAIFLIVSLCPTKKLVETGFVIPEISSNDNAKIAARILSEKRKDIIAHINTLIQYRQQLELAYYNSCMLTEFLHYCNSYADTIKESLLKETIQKDINIIHTNITTLLNETAKVIKLVKSLVDKEDTDIVNNFITKEIKNCGGVKNRDKIVNSLSLSNLDFRL	#008cbb
37	MT903344.1	cds	MPXV-UK_P2-040	MPXVgp044	37135	39043	-1	MLNRIQTLMKTANNYETIEILRNYLRLYIILARNEEGRGILIYDDNIDSVMSMMNITILEVIGLTHCTKLRSSPPIPMSRLFMDEIDHESYYSPKTSYYPLIDIIRKRSHEQGDIALALERYGIENTDSISEINEWLSSKGLACYRFVKFNDYRKQQMYRKFSRYTIVDSMIIGHIGHHYIWIKNLETYTRPEIDVLPFDIKCISRDELWARISSSLDQTHIKTIAVSVYGAITDNGPIPYMISTYPGNTFVNFNSVKDLILDFLDWIKDIMTSTRTIILVGYMSNLFDIPLLTVYWPNNCGWKIYNNTLISSDGARVIWMDVYKFSCGLSLQDYCYHWGSKPESRPFDLIKKSDAKRNTKSLVKESMASLKSLYEAFETQSGALEVLMSPCRMFSFSRIEDMFLTSVINRVSENTGMGMYYPTNDIPSLFIESSICLDYIIVNNQESNKYRIKSVLDIISSKQYPAGRPNYVKNGTKGKLYIALCKVTVPTNDHIPVVYHDDDNTTTFITVLTSVDIETAIRAGYSIVELGALQWDDNIPELKDCLLDSIKIIYDLNAVTTNNLLEQLIENINFNNSSIISLFYTFAISYCRAFIYSIMETIDPVYISQFSYKELYVSSSCKDINESMSQMVKL	#00910f
38	MT903344.1	cds	MPXV-UK_P2-041	MPXVgp045	39085	40204	-1	MWPFASVPAGAKCRLVETLPENMDFRSDHLTTFECFNEIITLAKKYIYIASFCCNPLSTTRGALIFDKLKEVSEKGIKIIVLLDERGKRNLGELQSHSPDINFITVNIDKKNNVGLLLGCFWVSDDERCYVGNASFTGGSIHTIKTLGVYSDYPPLATDLRRRFDTFKAFNSAKNSWLNLCSAACCLPVSTAYHIKNPIGGVFFTDSPEHLLGYSRDLDTDVVIDKLKSAKTSIDIEHLAIVPTTRVDGNSYYWPDIYNSIIEAAINRGVKIRLLVGNWDKNDVYSMATARSLDALCVQNDLSVKVFTIQNNTKLLIVDDEYVHITSANFDGTHYQNHGFVSFNSIDKQLVSEAKKIFERDWVSSHSKSLKI	#0098ad
39	MT903344.1	cds	MPXV-UK_P2-042	MPXVgp046	40221	40443	-1	MKHRLYSEGLSISNDLNSIIGQQSTMDTDIEIDEDDIMELLNILTELGCDVDFDENFSDIADDILESLIEQDI	#009d1d
40	MT903344.1	cds	MPXV-UK_P2-043	C20.5L	40492	40642	-1	MVIGLVIFVSVAATIVGVLSNVLDMIMYVEENNEEDAKIKEEQELLLLY	#009e2c
41	MT903344.1	cds	MPXV-UK_P2-044	MPXVgp047	40714	41191	-1	MRSIAGLDKLKMEIFNVEELINMKPFKNMNKITINQKDNCILANRCFVKIDTPRYIPSTSISSSNIIRIRNHDFTLSELLYSPFHFQQPQFQYLLPGFVLTCIDKVSKQQKECKYCISNRGDDDSLSINIFIPTINKSIYIIIGLRMKNFWKPKFEIE	#009f0a
42	MT903344.1	cds	MPXV-UK_P2-045	MPXVgp048	41197	41893	-1	MKVVIVTSVASLLDASIQFQKTACRHHCNYLSMQVVKEIEEFGTINEKKLEFDTWKDVIQNDEIDAIVFYRVKQISISTGVLYESMMRNRTKPISMYFVRDCLAFDGNPPSFRMTSCNINAYNRNKIKDLIILMNMKTCNKKIIGEFIIDNFGSVDALLSIINSNVTWVTSVINNSNGRGINIRVSNNKMLTITSFRRFVNKLKMYKTTKCASQLDNLCTKMNKMGILDKK	#00a0ed
43	MT903344.1	cds	MPXV-UK_P2-046	MPXVgp049	41955	42261	1	MNSHFVSAHTPFYINTKEGRYLVLKAVKVCDVRTVECEGSKASCVLKVDKPSSPTCERRPSSPSRCERMNNPGKQVPFMRTDMLQNMFAANRDNVTSRLLN	#00a3e3
44	MT903344.1	cds	MPXV-UK_P2-047	MPXVgp050	42257	43697	-1	MNRNPDQNTLPNITLKIIETYLGRVPSVNEYHMLKLQARNIQKITVFNKDIFVSLVKKNKKRFFFDVDTSASEIKDRILSYFSKQTQTYNIGKLFTIIELQSVLVTTYTDILGVLTIKAPNVISSKISYNVTSMEELARDMLNSMNVAVIDKAKVMGRHNVSSLVKNVNKLMEEYLRRHNKSCICYGSYSLYLINPNIRYGDIDILQTNSRTFLIDLAFLIKFITGNNIILSKIPYLRNYMVIKDENDNHIIDSFNIRQDTMNIVPKIFIDNIYIVDPTFQLLNMIKMFSQIDRLEDLSKDPEKFNVRMATMLEYVRYTHGIVFDGTRNNMPMKCIIDENNRIVTVTTKDYFSFKKCLVYLDENVLSSDILDLNADTSCDFESVTNSVYLIHDNIMYTYFSNTILLSDKGKVHEISARGLCAHILLYQMLTSGEYKQCLSDLLNSMMNRDKIPIYSHTERDKKPGRHGFINIEKDIIVF	#00a511
45	MT903344.1	cds	MPXV-UK_P2-048	MPXVgp051	43693	45907	-1	MISVTDIRRAFLDNECHTITKAFGYLHEDKAIALIKIGFHPTYIPKVLYNNVVEFVPEKLYLFKPRTVSPLDLISTITKLKNVDKFAAHINYHKNSILITGDKSLIVKCMPYMIISDDDIRFIREQFVGTNSIEYILSFINKESVYRMSYQFSENEIVTIINRDHFMYEPIYEHQVLDSDFLKTMLDRYGIVPINSGIIDDLCPEAIIEILMAVVRPRDAIRFLDIVNKNQLTENSVKNYIINDIRRGKIDYYIPYVEDFLEDRTEDLGIYANIFFEDAIDITKLDITKTELEHISKYMNYYTTYIDHIVNIILQNNYIDILASIIDYVQDVLTEELCIRIVCESTNPVPVTSLPIHSTLVMVMCIQMKYVDIVEFLDEIDIDTLIEKGADPITEYTFTTRWYNKHNDLITLYIKKYGFCPMMMKRLMFEYPLTKEASDHLLKTMDENRGAIMFFPRTIYTLPYLLCCNYKLIQKPIPFKEENRNIEYKKTNRVLCFDSLENAAFKSLIKIDSIPGLKTYNMKDITYEKSNDIICVRFIPQDSIHNEERRIKLQLFDIARLASYGLYYIPSRYLSLWTPVVNMIEGREYTNPQKIECLVILDLFSEEFIEYQNLGNAVSNKYELEYTISNYQAAINCLMSTLLIYLVLGSIRSISRTEDFVLSILNIFYKGLKINELLSEPVSGVCIELDKIKDRASSGDSSFIFLKKNELSKTLSLCEKVCVETILDNNQSFKSSK	#00aaad
46	MT903344.1	cds	MPXV-UK_P2-049	MPXVgp052	46030	46492	-1	MEKREVNKALYDLQRSAMVYSSNDTPPRWSTTMDADTRPTDSDADAIIDDVSREKSMREDHKSFDDVIPVKKIIYWKGVNPVTVINEYCQITRRDWSFRIESVGPSNSPTFYACVDIDGRVFDKADGKSKRDAKNNAAKLAVDKLLSYVIIRF	#00b3ce
47	MT903344.1	cds	MPXV-UK_P2-050	MPXVgp053	46657	47437	-1	MENVYISSYSSNEQISMAVVTTDIRELLSQYVDDANLENLIEWAMEKSSKYYIKNIGNTKSNIEETKFESKNNIGIEYSKDSKNKLSYRNKPSIATHLEYKTLCDMIKGTSGTEKEFLRYLLFGIKCIKKGVEYNIDKIKDVSYNDYFNVLDEKYNTPCPNCKSRNTTPMMIQTRAADEPPLVRHACRDCKQHFKPPKFRAFRNLNVTTQSIHENKEITEILPDNNPSPPESPEPASPIDDGLIRATFDRNDEPPEDDE	#00b641
48	MT903344.1	cds	MPXV-UK_P2-051	Virosome component (Cop-E5R)	47554	47956	1	MINDDSFTLKRKYQIDSAESTMKMDKTMTKFQNRVKMVKEINQTIRAAQTHYETLKLGYIKFKGMIRTTTLEDIAPSIPNNQKTYKLFSDISVIGKASQNPSKMIYARCFTCFPICLEMTIDSFVIECIQHCS	#00b9c2
49	MT903344.1	cds	MPXV-UK_P2-052	MPXVgp054	48209	49913	1	MDFIRRKYLIYTVENNIDFLKDDTLSKVNNFTLNHVLALKYLVSNFPQHVITKDVLANTNFFVFIHMVRCCKVYEAVLRHAFDAPTLYVKALTKNYLSFSNTIQSYKETVHKLTQDEKFLEVAEYMDELGELIGVNYDLVLNPLFHGGEPIKDMEIIFLKLFKKTDFKVVKKLSVIRLLIWAYLSKKDTGIEFADNDRQDIYTLFQQTGRIVHSNLTETFRDYIFPGDKTSYWVWLNESIANDADIVINRPAITMYDKILSYIYSEIKQGRVNKNMLKLVYIFEPEKDIRELLLEIIYDIPGDILSIIDAKNDDWKKYFISFYKANFINGNTFISDRTFNDDLFRVVVQIDPEYFDNERIMSLFYTSAADIKRFDELDINNSYISNIIYEVNDITLDTMDDMKKCQIFNEDTLYYVKEYNTYLFLHESDPMVIENGILKKLSSIKSKSRRLNLFSKNILKYYLDGQLARLGLVLDDYKGDLLVKMINHLKSVEDVSAFVRFSTDKNPSILPSLIKTILASYNISIIVLFQRFLRDNLYHVEEFLDKSIHLTKTDKKYILQLIRHGRS	#00bc51
50	MT903344.1	cds	MPXV-UK_P2-053	MPXVgp055	49994	50495	1	METVATIQTPTKLMNKENAEMILEKIVNHIAMYISDESIYSENNPEYIDFRNRYGDYRSLIIKSDHEFVKLCKDHAEKSSPETQQMIIKHIYEQYLIPVSEVLLKPIMSMGDIFTYNGCKDNEWMLEQLSTLNFNNLYTWNSCSIGNVTRLFYTFFSYLMKDKLNI	#00c34a
51	MT903344.1	cds	MPXV-UK_P2-054	MPXVgp056	50598	51420	1	MAATVPRFDDVYKNAQRRILDQETFFSRGLSRPLMKNTYLFDNYAYGWIPETAIWSSRYANLDASDYYPISLGLLKKFEFLMSLYKGPIPVYEEKVNTEFIANGSFSGRYVSYLRKFSALPTNEFISFLLLTSIPIYNILFWFKNTQFDITKHTLFRYVYTDNTKHLALARYIHQTGDYKPLFSRLKENYIFTGPVPIGIKDIDHPNLSRARSPSDYETLANISTILYFTKYDPVLMFLLFYVPGYSITTKITPAVEYLMDKLNLTKSDVQLL	#00c5a6
52	MT903344.1	cds	MPXV-UK_P2-055	MPXVgp057	51426	54447	-1	MDVRCINWFESHGENRFLYLKSRCRNGETVFIRFPHYFYYVVTDEIYQSLSPPPFNARPMGKMRTIDIDETISYNLDIKDRKCSVADMWLIEEPKKRSIQNATMDEFLNISWFYISNGISPDGCYSLDEQYLTKINNGCYHCDDPRNCFAKEIPRFDIPRSYLFLDIECHFDKKFPSVFINPISHTSYCYIDLSGKRLLFTLINEEMLTEQEIQEAVDRGCLRIQSLMEMDYERELVLCSEIVLLRIAKQLLELTFDYVVTFNGHNFDLRYITNRLELLTGEKIIFRSPDKKEAVHLCIYERNQSSHKGVCGMANTTFHVNNNNGTIFFDLYSFIQKSEKLDSYKLDSISKNAFSCMGKVLNRGVREMTFIGDDTTDAKGKADTFAKVLTTGNYVTVDEDIICKVIRKDILENGFKVVLSCPTLPNDIYKLSFGKDDIDLAQMYKDYNLNIALDMARYCIHDACLCQYLWEYYGVETKTDAGAATYVLPQSMVFEYRASTIIKGPLLKLLLETKTILVRSETKQKFPYEGGKVFAPKQKMFSNNVLIFDYNSLYPNVCIFGNLSPETLVGVVVSTNRLEEEINNQLLLQKYPPPRYITVHCEPRLPNLISEIAIFDRSIEGTIPRLLRTFLAERARYKKMLKQATSSTEKAIYDSMQYTYKIVANSVYGLMGFRNSALYSYASAKSCTSIGRRMILYLESVLNGAELSNGMLRFANTLSNPFYMDDRDINPIVKTSLPIDYRFRFRSVYGDTDSVFTEIDSQDVDKSIEIAKELERLINSRVLFNNFKIEFEAVYKNLIMQSKKKYTTMKYSASSNSKSVPERINKGTSETRRDVSKFHKNMIKTYKTRLSEMLSEGRMNSNQVCIDILRSLETDLRSEFDSRSSPLELFMLSRMHHSNYKSADNPNMYLVTEYNKNNPETIELGERYYFAYICPANVPWTKKLVNIKTYETIIDRSFKLGSNQRIFYEVYFKRLTSEIVNLLDNKVLCISFFQRMFGSRPTFYEA	#00c8e2
53	MT903344.1	cds	MPXV-UK_P2-056	MPXVgp058	54478	54766	1	MNPKHWGRAVWTIIFIVLSQAGLDGNIEACKRKLYTIVSTLPCPACRRHATIAIEDNNVMSSDDLNYIYYFFIRLFNNLAFDPKYAIDVSKVKPL	#00d4ce
54	MT903344.1	cds	MPXV-UK_P2-057	MPXVgp059	54760	55150	-1	MELVNIFLETDAGRVKFVIKNTDDVCASELINKFVELLSEYIHIDQSEFYLVVKDKDIFYFKCDRGSISIVNNEFYVFDEPLLFVKDFTKITGVEFIVTETMPCRIIPKNNHAVISVVTNHKFYNGLSL	#00d5e8
55	MT903344.1	cds	MPXV-UK_P2-058	MPXVgp060	55136	57134	-1	MFMYPEFARKALSKLISKKLNIEKVSSKHQLVLLDYGLHGLLPKSLYLEAINSDILNVRFFPPEIINVTDIVKALQNSCRVDEYLKAVSLYHKNSLMVSGPNVVKLMIEYNLLTHSDLEWLINENVVKATYLLKINAYMINFKIDLTVDEIIDLVKDIPVGATLHLYNILNNIDLDIILRISDEYNIPPVHDILSKLTNEEMCIKLVTKYPMDNVINFINQDVRYSPTFIKTIKDFVNEHLPTMYDGLNDYLHSVIIDEDLIEEYKIKSVAMFNLEYKTDIDTLTLDEQIFVEVNISYYDFRYRQFADEFRDYIMIKERRQITMQSGDRIRRFRRPMSLRSTIIKKDTDSLEDILSHIDNAKKNSKVSIEDVERIISSFRLNPCVVRRTMLSDIDIKTKIMVLKIAKDWKSCTLTLSVKGIMVTDTINTVLSKILHHHRNIFKYLTSVENKEIAVCNCSRCLSLFYRKLKSVRCDLRTDDGLLDRLYDLTRYALHGKINQNLIGQRCWGPLTEILFNENKKKKLNNLMEYIKISDMLVYGHYIEKTLIPITDSLSFKLFVDTMSVLNDQYAKVVIFFNTIIEYIIATIYYRLTVLDNYTNVKHFVSKVLHTVMEACGVLFSHIKVNDKIEYELEEMVDKGTVPSYLYHLSINVISIILDDINGTR	#00d760
56	MT903344.1	cds	MPXV-UK_P2-059	MPXVgp061	57180	57507	-1	MAEEFVQQRLANNKVTIFVKFTCPFCRNALDILNKFSFKRGAYEIVDIKEFKPENELRDYFEQITGGRTVPRIFFGKTSIGGYSDLLEIDNMDALGDILLSIGVLRTC	#00df5c
57	MT903344.1	cds	MPXV-UK_P2-060	MPXVgp062	57653	58592	-1	MAEFEDQLVFNSISARALKAYFTAKINEMVDELVTRKCPQKKKSQAKKPEVRIPVDLVKSSFVKKFGLCNYGGILISLINSLVENNFFTKNGKLDDTGKKELVLTDVEKRILNTIDKSSPLYIDISDVKVLAARLKRSATQFNFNGHTYHLENDKIEDLINQLVKDESIQLDEKSSIKDSMYVIPDELIDVLKTRLFRSPQVKDNIISRTRLYDYFTRVTKRDESSIYVILKDPRIASILSLETVKMGAFMYTKHSMLTNAISSRVDRYSKKFQESFYEDIAEFVKENERVNVSRVVECLTVPNITISSNTE	#00e135
58	MT903344.1	cds	MPXV-UK_P2-061	MPXVgp063	58598	58820	-1	MDKLYAAIFGVFMGSQEDDLTDFIEIVKSVLSDEKTVTSTNNTGCWGWYWLIIIFFIVLILLLLIYLYLKVVW	#00e4e6
59	MT903344.1	cds	MPXV-UK_P2-062	MPXVgp064	58820	59630	-1	MSKVIKKRVETSPRPTASSDSLQTCAGVIEYAKSISKSNAKCIECVTLNASQYANCSSISIKLTDSLSSQMTSTFIMLEGETKLYKNKSKQDRSDGYFLKIKVTAASPMLYQLLEAVYGNITHKERIPNSLHSLSAETITEKTFKDESIFINKLNGAMVEYVSTGESSILRSIEGELESLSKRERQLAKAIITPVVFYRSGTETKITFALKKLIIDREVVANVIGLSGDSERVSMTENVEEDLVRNLGLVDIDDEYDEDSDKEKPIFNV	#00e5c4
60	MT903344.1	cds	MPXV-UK_P2-063	MPXVgp065	59711	62027	-1	MFVIKRNGYKENVMFDKITSRIRKLCYGLNTDHIDPIKIAMKVIQGIYNGVTTVELDTLAAEIAATCTTQHPDYAILAARIAISNLHKETKKLFSEVMEDLFNYVNPKNGKHSPIISSITMDIVNKYKDKLNSVIIYERDFSYNYFGFKTLEKSYLLKINNKIVERPQHMLMRVAVGIHQWDIDSAIETYNLLSEKWFTHASPTLFNAGTTRHQMSSCFLLNMIDDSIEGIYDTLKRCALISKMAGGIGLSISNIRASGSYISGTNGISNGIIPMLRVYNNTARYIDQGGNKRPGVMAIYLEPWHSDIMAFLDLKKNTGNDEHRTRDLFIALWIPDLFMKRVKDDGEWSLMCPDECPGLDNVWGDEFERLYTLYERERRYKCIIKARVVWKAIIESQIETGTPFILYKDACNKKSNQQNLGTIKCSNLCTEIIQYADANEVAVCNLASVALNMFVIDGRFDFLKLKDVVKVIVRNLNKIIDINYYPIPEAEISNKRHRPIGIGVQGLADAFILLNYPFDSLEAQDLNKKIFETIYYGALEASCKLAEKEGPYDTYVGSYASNGILQYDLWNVVPSDLWNWEPLKDKIRTYGLRNSLLVAPMPTASTAQILGNNESVEPYTSNIYTRRVLSGEFQVVNPHLLRVLTERKLWNDEIKNRIMVDGGSIQNTNLPEDIKRVYKTIWEIPQKTIIKMAADRGAFIDQSQSMNIHIADPSYSKLTSMHFYGWSLGLKTGMYYLRTKPASAPIQFTLDKDKIKPQVVCDSEICTSCSG	#00e93f
61	MT903344.1	cds	MPXV-UK_P2-064	MPXVgp066	62054	62294	-1	MVDAITVLTAICITVLMLLMVISGTAMIVKELNPNDIFTMQSLKFNRTVTIFKYIGLFIYIPGTIILYATYVKSLLMKN	#00f266
62	MT903344.1	cds	MPXV-UK_P2-065	MPXVgp067	62312	63461	-1	MNNFVKQVASKSLKPTKKLSPLDEVISLNECIISFNLDNFYYCNDGLFTKPINTPEDVLKSLLIMESFAYEKMIIKGLIKILISRAYINDIYFTPFGWLTGVDDDPETHVVIKIIFNSSLISIKSQVIEYLKPYNVNNLSVLTTEKELSINTFNVPDSIPISIISFFPFDTDFILVILFFGVYNDSYCGISYISPKERLPYIIEILKPLVLEINMLSDEIGRTSSIRIFNSTSVKKFPTNTLTSICEIVYSFDESSFTTPKTFTPLNASPYIPKKIVSLLDLPSNVEIKAISRSGVDFITHINNKRLTTILVIAKDNFLKNSTFSGTFIKENIIWKGIYTYRIIKSSFPVPTIKSVTNKKKICKKHCFVNSQYTTRTLSHIL	#00f368
63	MT903344.1	cds	MPXV-UK_P2-066	MPXVgp068	63453	64725	-1	MERYTDLVISKIPELGFTNLLCHIYSLAGLCSNIDVSKFLTNCNGYVVEKYDKSTTAGKVSCIPIGMMLELVESGHLSRPNSSDELDQKKELTDELTTRYHSIYDVFELPTSIPLAYFFKPQLREKVSKAIDFSQMDLKIDDLSRKGIHTGENPKVVKMKIEPERGAWMSNRSIKNLVSQFAYGSEVDYIGQFDMRFLNSLAIHEKFDAFMNKHILSYILKDKIKSSTSRFVMFGFCYLSHWKCVIYDKKQCLVSFYDSGGNIPTEFHHYNNFYFYSFSDGFNTNHRHSVLDNTNCDIDVLFRFFECTFGAKIGCINVEVNQLLESECGMFISLFMILCTRTPPKSFKSLKKVYTFFKFLADKKMTLFKSILFNLQDLSLYITETDNAGLKEYKRMEKWTKKSINVICDKLTTKLNRIVDDDE	#00f7dd
64	MT903344.1	cds	MPXV-UK_P2-067	MPXVgp069	64730	66761	1	MEKNLPDIFFFPNCVNVFSYKYSQDEFSNMSKTERDNFSLAVFPVIKHRWHNAHVVKHKGIYKVSTEARGKKVSPPSLGKPAHINLMSKQYIYSEYAISFECYSFLKCITNTEINSFDEYILRGLLEAGNSLQIFSNSVGKRIDTIGVLGNKYPFSKIPLASLTPKAQREIFLAWISHRPVVLTGGTGVGKTSQVPKLLLWFNYLFGGFSSLDKITDFHERPVILSLPRIALVRLHSNTILKSLGFKVLDGSPISLRYGSIPEELINKQPKKYGIVFSTHKLSLTKLFSYGTIIIDEVHEHDQIGDIIIAVARKHHTKIDSMFLMTATLEDDRERLKIFLPNPAFIHIPGDTLFKISEVFIHNKINPSSRMAYIEEEKRNLVTAIQMYTPPDGSSGIVFVASVAQCHEYKSYLEKRLPYDMYIIHGKVLDIDEILEKVYSSPNVSIIISTPYLESSVTIRNVTHIYDMGRVFVPAPFGGSQQFISKSMRDQRKGRVGRVNPGTYVYFYDLSYMKSIQRIDSEFLHNYILYANKFNLTLPEDLFIIPTNLDILWRTKEYIDSFDISTETWNKLLSNYYMKMIEYAKLYVLSPILAEELDNFERTGELTSIVQEAILSLNLQIKILKFKHKDDDTYIHFCRILFGVYNGTNATIYYHRPLTGYMNMISDTIFVPVDNN	#00fcda
65	MT903344.1	cds	MPXV-UK_P2-068	MPXVgp070	66764	68540	-1	MIVLPNKVRIFINDRMKKDIYLGISNFGFENDIDEILGIAHLLEHLLISFDSTNFLANASTSRSYMSFWCKSINSATESDAIRTLVSWFFSNGKLKDNFSLSSIRFHIKELENEYYFRNEVFHCMDILTFLSGGDLYNGGRIDMIDNLNIVRDMLVNRMQRISGSNIVIFVKRLGPGTLDFFKQTFGSLPSCPEIIPSSIPVSTNGKIVMTPAPFYTVMVRINPTLDNILGILYLYETYHLIDYETIGNQLYLTVSFIDETEYESFLRGEAILQISQCQSINMNYSDDYMMNIYLNFPWLSHDLYDYITRINDDSKSILISLTNEIYTSIINRDIIVIYPNFSKAMCNTRDTQQHQIVVLDATNDGLIKKPYRSIPLMKRLTSNEIFIRYGDASLMDMITLSLSKQDISLKRNAEGIRVKHSFSADDIQAIMESDSFLKYSRSKPAAMYQYIFLSFFASGNSIDDILTNRDSTLEFSKRTKSKILFGRNTRYDITAKSSFVCGIVRGKSLDKTSLVEMMWDLKKKGLIYSMEFTNLLSKNTFYLFTFTIYTDEVYDYLNNNKLFSAKCLVVSTKGDVENFSSLKKDVVIRF	#0104cc
66	MT903344.1	cds	MPXV-UK_P2-069	MPXVgp071	68536	68872	-1	MASLLYLILFLLFVCISYYFTYYPTNKLQAAVMETDRENAIIRQRNEEIPTRTLDTAIFTDASTVSSAQIHLYYNSNIGKIIMSLNGKKHTFNLYDDNDIRTLLPILLLSK	#010bb8
67	MT903344.1	cds	MPXV-UK_P2-070	MPXVgp072	68865	69528	1	MPFRDLILFNLSKFLLTEDEESLEIVSSLCRGFEISYDDLISYFPDRKYHKYISKVFEHVDLSEELSMEFHDTTLRDLVYLRLYKYSKYIRPCYKLGDNLKGIVVIKDRNIYIREANDDLIEYLLKEYTPQIYTYSNERVPIAGSKLILCGFSQVTFMAYTTSHITTNKKVDVLVSKKCIDELVDPINYQILQNLFDKGSGTINKILRKIFYSVTGGQTP	#010d01
68	MT903344.1	cds	MPXV-UK_P2-071	MPXVgp073	69497	69872	-1	MKNVLIIFGKPYCSICENVSEAVEELKSEYDILHVDILSFFLKDGDSSMLGDVKRGTLIGNFAAHLSNYIVSIFKYNPQTKQMAFVDINKSLDFTKTDKSLVNLEILKSEIEKATYGVWPPVTE	#010f79
69	MT903344.1	cds	MPXV-UK_P2-072	MPXVgp074	69874	71179	1	MGIKNLKSLLLENKSLTILDDNLYKVYNGIFVDTMSIYIAVANCVRNLEELTTVFIKYVNGWVKKGGHVTLFIDRGSIKIKQDVRDKRRKYSKLTKDRKMLELEKCTSEIQNVTGFMEEEIKAEMQLKIDKLTFQIYLSDYDNIKISLNEILTHFNNNENVTLFYCDERDAEFVMCLEAKTQFSTTGEWPLIISTDQDTMLFASADNHPKMIKNLTQLFKFVPSAEDNYLAKLTALVNGCDFFPGLYGASITPNNLNKIQLFSDFTIDNIVTSLAIKNYYRKTNSTVDVRNIVTFINDYANLDDVYSYIPPCQCTVQEFIFSALDEKWNEFKSSYLESVPLPCQLMYALEPRKEIDVSEVKTLSSYIDFENTKSDIDVIKSISSIFGYSNENCNTIVFGIYKDNLLLSINNSFYFNDSLLITNTKSDNIINIGY	#0110f2
70	MT903344.1	cds	MPXV-UK_P2-073	MPXVgp075	71187	71379	1	MVFQLVCSTCGKDISHERYKLIIRKKSLKDVLVSVKNECCRLKLSTQIEPQRNLTVQPLLDIN	#011613
71	MT903344.1	cds	MPXV-UK_P2-074	MPXVgp076	71378	71876	1	MDPVNFIKTYAPRGSIIFINYAMSLTSHLNPSIEKHVGIYYGTLLSEHLVVESTYRKGVRIVPLDRFFEGYLSAKVYMLENIQVMKIAADMSLTLLGIPYGFGHDRMYCFKLVAECYKNAGIDTSSKRILGKDIFLSQNFTDDNRWIKIYDSNNLTFWQIDYLKG	#0116d2
72	MT903344.1	cds	MPXV-UK_P2-075	MPXVgp077	71840	72956	-1	MATEQRRSTIFDIVSKCIVQSVLRDISINSEYIESKAKQLCYCPASKKESVINGIYNCCESNIEIMDKEQLLKILDNLRCHSVHVCNATDFWRLYNSLKRFTHTTAFFNTCKPTILATLNTLITLILSNKLLYAAEMVEYLENQIDSSNKSMSQELAELLEMKYALINLVQYRILPMIIGEPIIVAGFSGKEPISNYSAEVERLMELPVKTDIVNTTYDFLARKGIDTSNNIAEYIAGLKIEEIEKVEKYLPEVISTIANSNIIKNKKSIFPANINDKQIMECSRMLDTSEKYSKGYKTDGAVTSPLTGNNTITTFIPISASDMQKFTILEYLYIMRVMANNVKKKNEGKNNGGVVMHINSPFKVINLPKC	#0118a0
73	MT903344.1	cds	MPXV-UK_P2-076	MPXVgp078	72986	73769	1	MSIRIKIDKLRQIVAYFSEFSEEVSINVDSTDELMYIFAALGGSVNIWAIIPLSASVFYRGAENIVFNLPVSKVKSCLCSFHNDAIIDIEPDLENNLVKLSSYHVVSVDCNKELMPIRTDTTICLSIDQKKSYVFNFHKYEEKCCGRTVIHLEWLLGFIKCISQHQHLAIMFKDDNIIMKTPGNTDAFSREYSMTECSQELQKFSFKIAISSLNKLRGFKKRVNVFETRIVMDNDDNILGMLFSDRVQSFKINIFMAFLD	#011d1a
74	MT903344.1	cds	MPXV-UK_P2-077	MPXVgp079	73788	74811	1	MGGGVSVELPKRDPPPGVPTDEMLLNVDKMHDVIAPAKLLEYVHIGPLTKDKEDKVKKRYPEFRLVNTGPGGLSALLRQSYNGTAPNCCRTFNRTHYWKKDGKISDKYEEGAVLESCWPDVHDTGKCDVDLFDWCQGDTFDMNICHQWIGSAFNRSDRTVEGRQSLINLYNKMQRLCSKDASVPICELFLHHLRAHNTEDSKEMIDYILRQQSADFKQKYMRCSYPTRDKLEESLKYAEPRECWDPECSNANVNFLLTRNYNNLGLCNIVRCNTSVNNLQMDKTSSLRLSCGLSNSDRFSTVPVNRAKVVQHNIKHSFDLKLHLISLLSLLVIWILIVAI	#01203c
75	MT903344.1	cds	MPXV-UK_P2-078	MPXVgp080	74811	75564	1	MGAAASIQTTVNTLSERISSKLEQEANASAQTKCDIEIGNFYIRQNHGCNITVKNMCSADADAQLDAVLSAATETYSGLTPEQKAYVPAMFTAALNIQTSVNTVVRDFENYVKQTCNSSAVVDNKLKIQNVIIDECYGAPGSPTNLEFINTGSSKGNCAIKALMQLTTKATTQIAPRQVAGTGVQFYMIVIGVIILAALFMYYAKRMLFTSTNDKIKLILANKENVHWTTYMDTFFRTSPMIIATTDIQN	#01243b
76	MT903344.1	cds	MPXV-UK_P2-079	MPXVgp081	75595	75874	1	MEVIADRLDDIVKQNIADEKFVDFVIHGLEHQCPAILRPLIRLFIDILLFVIVIYIFTVRLVSRNYQILLVLVALVITLTIFLLLYTIIVLD	#01274b
77	MT903344.1	cds	MPXV-UK_P2-080	MPXVgp082	75849	76884	-1	MNTRTDVTNDNIDKNPTKRGDRNIPGRNERFNDQNRFNNDRPQPNQPPRQDNKYREENGDFINIRLCAYEKEYCNDGYLSPAYYMLKQVDDEEMSCWSELSSLVRSRKAVGFPLLKAAKRISHGSMLYFEQFKNSKVVRLTPQVKCLNDTVIFQTVVILYSMYKRGIYSNEFCFNLVSIPRTNIVFSVNQLMFNICTDILVVLSICGNRLYRTNLPQSCYLNFIHGHETIARRGYEHSNYFFEWLIKNHISLLTKQTMDILKVKKKYATGAPVNRLLEPGTLVYVPKEDYYFIGISLTDVSISDNVRVLFSTDGIVLEIEDFNIKHLFMAGEMFVRSQSSTIIV	#012849
78	MT903344.1	cds	MPXV-UK_P2-081	MPXVgp083	76908	77664	1	MSLLLENLIEEDTIFFAGSISEYDDLQMVIAGAKSKFPRSMLSIFNIVPRTMSKYELELIHNENITGAMFTTMYNIRNNLGLGDDKLTIEAIENYFLDPNNEVMPLIINNTDMTTVIPKKSGRRKNKNMVIFRQGSSPILCIFETRKKINIYKENMESVSTEYTPIGDNKALISKYAGINILNVYSPSTSMRLNAIYGFTNKNKLEKLSTNKELESYSSSPLQEPIRLNDFLGLLECVKKNIPLTDIPTKD	#012c6c
79	MT903344.1	cds	MPXV-UK_P2-082	MPXVgp084	77673	78060	1	MENVPNVYFNPVFIEPTFKHSLLSVYKHRLIVLFEVFVVFILIYVFFRSELNMFFMPKRKIPDPIDRLRRANLACEDDKLMIYGLPWITTQTSALSINSKPIVYKDCAKLLRSINGSQPVSLNDVLRR	#012f69
80	MT903344.1	cds	MPXV-UK_P2-083	MPXVgp085	78016	78475	1	MDHNQYLLTMFFADDDSFFKYFASQDDESSLSDILQITQYLDFLLLLLIQSKNKLEAVGHCYESLSEEYRQLTKFTDSQDFKKLFNKVPIVTDGRVKLNKGYLFDFVISLMRFKKESALATTAIDPVRYIDPRRDIAFSNVMDILKSNKVEK	#0130c0
81	MT903344.1	cds	MPXV-UK_P2-084	MPXVgp086	78494	79028	1	MNGGHIQLIIGPMFSGKSTELIRRVRRYQIAQYKCVTIKYSNDNRYGTGLWTHDKNNFAALEVTKLCDVLEAITDFSVIGIDEGQFFPDIVEFCERMANEGKIVIVAALDGTFQRRPFNNILNLIPLSEMVVKLTAVCMKCFKEASFSKRLGTETEIEIIGGNDMYQSVCRKCYIDS	#01329e
82	MT903344.1	cds	MPXV-UK_P2-085	MPXVgp087	79093	80095	1	MDVVSLDKPFMYFEEIDNELDYEPESANEVAKKLPYQGQLKLLLGELFFLSKLQRHGILDGATVVYIGSAPGTHIRYLRDHFYNLGVIIKWMLIDGRHHDPILNGLRDVTLVTRFVDEEYLRSIKKQLHPSKIILISDVRSKRGGNEPSTADLLSNYALQNVMISILNPVASSLKWRCPFPDQWIKDFYIPHGNKMLQPFAPSYSAEMRLLSIYTGENMRLTRVTKSDAVNYEKKMYYLNKIVRNKVVINFDYPNQEYDYFHMYFMLRTVYCNKTFPTTKAKILFLQQSIFRFLNIPTTSTEKVSHEPIQRKISSKDSMSKNRNSKRSVRGNK	#0134f5
83	MT903344.1	cds	MPXV-UK_P2-086	MPXVgp088	80009	80567	1	MNQYNVKYLAKILCLKTEIARDPYAVINRNVLLRYTTDIEYNDLVTLITVRHKIDSMKTVFQVFNESSINYTPVDDDYGEPIIITSYLQKGHNKFPVNFLYIDVVISDLFPSFVRLDTTETNIVNSVLQTGDGKKTLRLPKMLETEIVVKILYRPNIPLKIVRFFRNNMVTGVEIADRSVISVAD	#013889
84	MT903344.1	cds	MPXV-UK_P2-087	MPXVgp089	80626	81028	-1	MTDEQIYAFCDTNKDDIRCKCIYPDKSIVRIGIDTRLPYYCWYEPCKRSDALLPASLKKNISRCNVSDCTISLGNVSITDSKLDVNNVCDSKRVATENIAVRYLNQEIRYPIIDIKWLPIGLLALAILILAFF	#013af2
85	MT903344.1	cds	MPXV-UK_P2-088	MPXVgp090	81134	84995	1	MAVISKVTYSLYDQKEINATDIIISHIKNDDDIGTVKDGRLGAMDGALCKTCGKTELECFGHWGKVSIYKTHIVKPEFISEIIRLLNHICIHCGLLRSREPYSDDINLKELSVHALRRLKDKILSKKKSCWNSECMQPYQKITFSKKKVCFVNKLDDINVPNSLIYQKLISIHEKFWPLLEIHQYPANLFYTDYFPIPPLIIRPAISFWIDSIPKETNELTYLLGMIVKNCNLNADEQVIQKAVIEYDDIKIISNNTTSINLSYITSGKNNMIRSYIVARRKDQTARSVIGPSTSITVNEVGMPTYIRNTLTEKIFVNAFTVDKVKQLLASNQVKFYFNKRLNQLTRIRQGKFIKNKIHLLPGDWVEVAVQEYTSIIFGRQPSLHRYNVIASSIRATEGDTIKISPGIANSQNADFDGDEEWMILEQNPKAVVEQSILMYPTTLLKHDIHGAPVYGSIQDEIVAAYSLFRIQDLCLDEVLNILGKYGREFDPKGKCKFSGKDIYTYLIGEKINYPGLLKDGEIIANDVDSNFVVAMRHLSLAGLLSDHKSNVEGINFIIKSSYVFKRYLSIYGFGVTFKDLRPNSTFTNKLEAINVEKIELIKEAYAKYLKDVRDGKIVPLSKALEADYLESMLSNLTNLNIREIEEHMRQTLIDDPDNNLLKMAKAGYKVNPTELMYILGTYGQQRIDGEPAETRVLGRVLPYYLPDSKDPEGRGYILNSLTKGLTGSQYYFLMLVARSQSTDIVCETSRTGTLARKIIKKMEDMVVDGYGQVVIGNTLIKYAANYTKILGSVCKPVDLIYPDESMTWYLEISALWNKIKQGFVYSQKQKLAKKTLAPFNFLVFVKPTTEDNAIKVKDLYDMIHNVIDDVREKYFFTVSNIDFMEYIFLTHLNPSRIRITKETAITIFEKFYEKLNYTLGGGTPIGIISAQVLSEKFTQQALSSFHTTEKSGAVKQKLGFNEFNNLTNLSKNKTEIITLVSDDISKLQSVKINFEFVCLGELNPDITLRKETDRYVVDIIVNRLYIKRAEITELVVEYMIERFISFSVIVKEWGMETFIEDEDNIRFTIYLNFVEPEELNLSKFMMVLPGAANKGKISKFKIPISDYTGYNDFNQTKKLNKMTVELMNLKELGSFDLENVNVYPGVWNTYDIFGIEAARGYLCEAMLNTYGEGFDYLYQPCDLLASLLCASYEPESVNKFKFGAASTLKRATFGDNKALLNAALHKKSEPINDNSSCHFFSKVPNIGTGYYKYFIDLGLLMRMERKLSDKISSQKIKEIEETEDF	#013cee
86	MT903344.1	cds	MPXV-UK_P2-089	MPXVgp091	84991	85507	-1	MDKKSLYKYLLLRSTGDMHRAKSPTIMTRVTNNVYLGNYKNAMDAPSSEVKFKYVLNLTMDKYTLPNSNINIIHIPLVDDTTTDISKYFDDVTAFLSKCDQRNEPVLVHCVAGVNRSGAMILAYLMSKNKESSPMLYFLYVYHSMRDLRGAFVENPSFKRQIIEKYVIDKN	#014bff
87	MT903344.1	cds	MPXV-UK_P2-090	MPXVgp092	85520	86090	1	MDKTTLSVNACNLEYVREKAIVGVQAAKTSTLIFFVIILAISALLLWFQTSDNPVFNELTRYMRIKNTVNDWKSLTDSKTKLESDRGRLLAAGKDDIFEFKCVDFGAYFIAMRLDKKTYLPQAIRRGTGDAWMVKKAAKVDPSAQQFCQYLIKHKSNNVITCGNEMLNELGYSGYFMSPHWCSDLSNME	#014e10
88	MT903344.1	cds	MPXV-UK_P2-091	MPXVgp093	86093	87068	-1	MAAVKTPVIVVPVIDRPPSETFPNVHEHINDQKFDDVKDNEVMQEKRDVVIVNDDPDHYKDYVFIQWTGGNIRDDDKYTHFFSGFCNTMCTEETKRNIARHLALWDSKFFTELENKNVEYVVIIENDNVIEDITFLRPVLKAIHDKKIDILQMREIITGNKVKTELVIDKDHAIFTYTGGYDVSLSAYIIRVTTALNIVDEIIKSGGLSSGFYFEIARIENEMKINRQIMDNSAKYVEHDPRLVAEHRFETMKPNFWSRIGTVAAKRYPGVMYTFTTPLISFFGLFDINVIGLIVILFIMFMLIFNVKSKLLWFLTGTFVTAFI	#01504d
89	MT903344.1	cds	MPXV-UK_P2-092	MPXVgp094	87068	89456	-1	MDSKETILIEIIPKIKSYLLDTNISPKSYNDFISRNKNIFVINLYNVSTITEEDIRLLYTTIEQNIDADDQTLVAIFSYIGYKFEQTVKEEISTSLSFNDKNTTDEMTYNLYDLFFNTLDMYLRQKKISILVNDDVRGDVIVSYKNSDLVSSFNAELEPEIKKIPFNMKNLLPYLEKNLDQLRFSKKYLDFAYLCRHIGIPISKKKYNMRYVFLYKIDGLSIPIIIKDFLDIKYVYLENTGKIYKNSFSEDHNNSLSDWGKVIIPLLKDRHLYSYIFLSSYHLHSYYTDLIARDEPVFVKRKKLDIIEIDEPEAWKRDVRVEFAPCEHQIRLKEAMKVDANYFTKINNFANEFIYYEDGVAYCRVCGINIPIFNLDAADVIKNTVIVSTFNKTIFLSEPYSYFVHSQRFIFNIIMSFDNIMKSQTWVMKYNINRLILNFLIDINSRRQEYEKKFSSEIKRGLFFLRLSANLFESQVSSTELFYVSKMLNLNYIVALVIILNSSADFIVSYMKSKNKTVEESTLKYAISVVIYDFLVKTRICEKGSLDTIVLFTDVYTSIMPEELDLHFQRITLELRKLVSIQRSALEPNYDVESRGEELPLSALKFFDTSTIIVKTMAPIHACIKQKIVAPTPSVKPTDASLKNFKELTCDEDIKILIRVHDTNATKLVIFPSHLKIEIERKKLIIPLKSLYITNTLKYYYSNSYLYVFRFGDPMPFEEELIDHEHVQYKINCYNILRYYLLPDSDVFVYFSNSLNREALEYAFYIFLSKYVNVKQWIDENITRIRELYMINFNN	#01541c
90	MT903344.1	cds	MPXV-UK_P2-093	MPXVgp095	89640	90273	1	MAWSITNKADTSSFTKMAEIRAHLRNSAENKDKNEDIFPEDVIIPSTKPKTKRTTTPRKPAATKRSTKKDKEKEEVEEVVIEEYHQTTEENSPPPSSSPGVGDIVESVAAVELDDSDGDDEPMVQVEAGKVNHSARSDLSDLKVATDNIVKDLKKIITRISAVSTVLEDVQAAGISRQFTSMTKAITTLSDLVTEGKSKVVRKKVKTCKK	#015e28
91	MT903344.1	cds	MPXV-UK_P2-094	MPXVgp096	90273	91218	1	MRALFYKDGKLFTDNNFLNPVSDDNPAYEVLQHVKIPTHLTDVVVYEQTWEEALTRLIFVGSDSKGRRQYFYGKMHIQNRNAKRDRIFVRVYNVMKRINCFINKNIKKSSTDSNYQLAVFMLMETMFFIRFGKMKYLKENETVGLLTLKNKHIEISPDEIVIKFVGKDKVSHEFVVHKSNRLYKPLLKLTDDSSPEEFLFNKLSERKVYECIKQFGIRIKDLRTYGVNYTFLYNFWTNVKSVSPLPSPKKLIALTIKQTAEVVGHTPSISKRAYMATTILEMVKDKNFLDVVSKTTFDEFLSIVVDHVKSSTDG	#0160a1
92	MT903344.1	cds	MPXV-UK_P2-095	MPXVgp097	91255	91696	1	MEMDKRMKSLAMTAFFGELNTLDIMALIMSIFKHHPNNTIFSVDKDGQFMIDFEYDNYKASQYLDLTLTPISGNECKTHASSIAEQLACVDIIKEDISEYIKTTPRLKRFIKKYRNRSYTRISRDTEKLKIALAKGIDYEYIKDAC	#016477
93	MT903344.1	cds	MPXV-UK_P2-096	MPXVgp098	91739	94277	1	MDANIVSSSTIATYIDALAKNASELEQRSTAYEINNELELVFIKPPLITLTNVVNISTIQESFIRFTVTNKEGIKIRTKIPLSKVHGLDVKNVQLVDAIDNIVWEKKSLVTENRLHKECLLRLSTEERHIFLDYKKYGSSIRLELVNLIQAKTKNFTIDFKLKYFLGSGAQSKSSLLHAINHPKSRPNTSLEIEFTPRDNETVPYDELIKELTTLSRHIFMASPENVILSPPINAPIKTFMLPKQDIVGLDLENLYAVTKTDGIPITIRVTSKGLYCYFTHLGYIIRYPVKRTIDSEVVVFGEAVKDKNWTVYLIKLIEPVNAISDRLEESKYVESKLVDICDRIVFKSKKYEGPFTTTSEVVDMLSTYLPKQPEGVILFYSKGPKSNIDFKIKKENTIDQTANVVFRYMSSEPIIFGESSIFIEYKKFTNDKGFPKEYGSGKIVLYNGVNYLNNIYCLEYINTHNEVGIKSVVVPIKFIAEFLVNGEILKPRIDKTMKYINSEDYYGNQHNIIVEHLRDQSIKIGDVFNEDKLSDVGHQYAANNDKFRLNPEVSYFTNKRTRGPLGILSNYVKTLLISMYCSKTFLDDSNKRKVLAIDFGNGADLEKYFYGEIALLVATDPDADAIARGNERYNKLNSGIKTKYYKFDYIQETIRSDTFVSSVREVFYFGKFNIIDWQFAIHYSFHPRHYATVMNNLSELTASGGKVLITTMDGDKLSKLTDKKTFIIHKNLPSSENYMSVEKIADDRIVVYNPSTMSTPMTEYIIKKNDIVRVFNEYGFVLVDNVDFATIIERSKKFINGASTMEDRPSTRNFFELNRGAIKCEGLDVEDLLSYYVVYVFSKR	#01665b
94	MT903344.1	cds	MPXV-UK_P2-097	MPXVgp099	94235	94676	-1	MSINIDIKKITDLLNSSILFPDDLQELLREKYIVLERKSNGTPTVAHIYKTMARFDNKSIYRIAKFLFMNRPDVIKLLFLEDVEPLLPYKSINISINNTEYPQLEGPIGTKIALLELFNAFRTGISEPIPYYYLPLRKDINNIVTK	#01701b
95	MT903344.1	cds	MPXV-UK_P2-098	MPXVgp100	94668	95370	1	MDIFIVKDNKYPKVDNDDNEVFILLGNHNDFIRSKLTKLKEHVFFSEYIVTPDTYGSLCVELNGSSFQHGGRYIEVEEFIDAGRQVRWCSTSNHISEDIHTDKFVIYDIYTFDSFKNKRLVFVQVPPSLGDDSYLTNPLLSPYYRNSVARQMVNDMIFNQDSFLKYLLEHLIRSHYRVSKHITIVRYKDTEELNLTRICYNRDKFKAFVFAWFNGVSENEKVLDTYKKVSDLI	#0171cc
96	MT903344.1	cds	MPXV-UK_P2-099	MPXVgp101	95369	96026	1	MNSVTISHAPYTITYHDDWEPVMSQLVEFYNEVASWLLRDETSPIPDKFFIQLKQPLRNKRVCVCGIDPYPKDGTGVPFESPNFTKKSIKEIASSISRLTGVIDYKGYNLNIIDGVIPWNYYLSCKLGETKSHAIYWDKISKLLLQHITKHVSVLYCLGKTDFSNIRAKLESPVTTIVGYHPAARDHQFEKDRSFEIINVLLELDNKTPINWAQGFIY	#017489
97	MT903344.1	cds	MPXV-UK_P2-100	MPXVgp102	96057	98415	1	MDAAIRGNDVIFVLKTIGVPSACRQNEDPRFVEAFKCDELERYIDNNPECTLFESLRDEEAYSIVRIFMDVDLDACLDEIDYLTAIQDFIIEVSNCVARFAFTECGAIHENVIKSMRSNFSLTKSTNRDKTSFHIIFLDTYTTMDTLIAMKRTLLELSRSSENPLTRSIDTAVYRRKTTLRVVGTRKNPNCDTIHVMQPPHDNIEDYLFTYVDMNNNSYYFSLQRRLEDLVPDKLWEPGFISFEDAIKRVSKIFINSIINFNDLDENNFTTVPLVIDYVTPCALCKKRSHKHPHQLSLENGAIRIYKTGNPHSCKVKIVPLDGNKLFNIAQRILDTNSVLLTERGDHIVWINNSWKFNSEEPLITKLILSIRHQLPKEYSSELLCPRKRKTVEANIRDMLVDSVETDTYPDKLPFKNGVLDLVDGMFYSGDDAKKYTCTVSTGFKFDDTKFVEDSPEMEELMNIINDIQPLTDENKKNRELYEKTLSSCLCGATKGCLTFFFGETATGKSTTKRLLKSAIGDLFVETGQTILTDVLDKGPNPFIANMHLKRSVFCSELPDFACSGSKKIRSDNIKKLTEPCVIGRPCFSNKINNRNHATIIIDTNYKPVFDRIDNALMRRIAVVRFRTHFSQPSGREAAENNDAYDKVKLLDEGLDGKIQNNRYRFAFLYLLVKWYKKYHIPIMKLYPTPEEIPDFAFYLKIGTLLVSSSVKHIPLMTDLSKKGYILYDNVVTLPLTTFQQKISKYFNSRLFGHDIESFINRHKKFANVSDEYLQYIFIEDISSP	#017739
98	MT903344.1	cds	MPXV-UK_P2-101	MPXVgp103	98454	100368	1	MNTGIIDLFDNHVDSIPTILPHQLATLDYLVRTIIDENRSVLLFHIMGSGKTIIALLFALVASRFKKVYILVPNINILKIFNYNMGVAMNLFNDEFIAENIFIHSTTSFYSLNYNDNVINYNGLSRYNNSIFIVDEAHNIFGNNTGELMTVIKNKNKIPFLLLSGSPITNTPNTLGHIIDLMSEETIDFGEIISRGKKVIQTLLNERGVNVLKDLLKGRISYYEMPDKDLPTIRYHGRKFLDTRVVYCHMSKLQEKDYMITRRQLCYHEMFDKNMYNVSMAVLGQLNLMNNLDTLFQEQDKELYPNLKINNGVLYGEELVTLNISSKFKYFINRIQTLKGKHFIYFSNSTYGGLVIKYIMLSNGYSEYNGSQGTNPHMINGKPKTFAIVTSKMKSSLEDLLDVYNSPENDDGNQLMFLFSSNIMSESYTLKEVRHIWFMTIPDTFSQYNQILGRSIRKFSYVDISEPVNVYLLAAVYSDFNDEVTSLNDYTQDELINVLPFDIKKLLYLKFKTKETNRIYSILQEMSETYSLPPHPSIVKVLLGELVRQFFYNNSRIKYNDSKLLKMVTSVIKNKEDARNYIDDIVNGHFFVSNKVFDKSLLYKYENDIITVPFRLSYEPFVWGVNFRKEYNVVSSP	#018096
99	MT903344.1	cds	MPXV-UK_P2-102	MPXVgp104	100394	100880	1	MSSFVTNGYLPVTLEPHELTLDIKTNIRNAVYKAYLHREISGKMAKKIEIREDVELPLGEIVNNSVVINVPCVITYAYYHVGDIVRGTLNIEDESNVTIQCGDLICKLSRDSGTVSFSDSKYCFFRNGNAYDNGIEVSAVLMEAQQGTESSFVFLANIVDS	#01882a
100	MT903344.1	cds	MPXV-UK_P2-103	MPXVgp105	100842	101757	-1	MPQQLSPINIETKKAISDARLKTLDIHYNESKPTTIQNTGKLVRINFKGGYISGGFLPNEYVLSTIHIYWGKEDDYGSNHLIDVYKYSGEINLVHWNKKKYSSYEEAKKHDDGIIIIAIFLQVSDHKNVYFQKIVNQLDSIRSANMSAPFDSVFYLDNLLPSTLDYFTYLGTTINHSADAAWIIFPTPINIHSDQLSKFRTLLSSSNHEGKPHYITENYRNPYKLNDDTQVYYSGEIIRAATTSPVRENYFMKWLSDLREACFSYYQKYIEGNKTFAIIAIVFVFILTAILFLMSQRYSREKQN	#0189ea
101	MT903344.1	cds	MPXV-UK_P2-104	MPXVgp106	101798	102440	1	MGFTMDEEVIFETPRELISIKRIKDIPRSKDTHVFAACITSDGYPLIGARRTSFAFQAILSQQNSDSIFRVSTKLLRFMYYNELREIFRRLRKGSINNIDPHFEELILLGGKLDKKESIKDCLRRELKEESDEHITVKEFGNVILKLTTSDKLFNKVYIGYCMACFINQSLEDLSHTSIYNVEIRKIKSLNDCINDDKYEYLSYIYNILINSK	#018da6
102	MT903344.1	cds	MPXV-UK_P2-105	MPXVgp107	102436	103183	1	MSFYRSSIISQIIKYNRRLAKSIICEDDSQIITLTAFVNQCLWCHKRVSVSAILLTTDNKILVCNRRDSFLYSEIIRTRNMYRKKRLFLNYSNYLNKQERSILSSFFSLDPATADNDRINAIYPGGIPKRGENVPECLSREIKEEVNIDNSFVFIDTRFFIHGIIEDTIINKFFEVIFFVGRISLTSDQIIDTFKSNHEIKDLIFLDPNSGNGLQYEIAKYALDTAKLKCYGHRGCYYESLKKLTEDD	#019024
103	MT903344.1	cds	MPXV-UK_P2-106	MPXVgp108	103183	105079	-1	MSKSHAAYIDYALRRTTNMPVEMMGSDVVRLKDYQHFVARVFLGLDSMHSLLLFHETGVGKTMTTVYILKHLKDIYTNWAIILLVKKALIEDPWINTILRYAPEITKDCIFINYDDQNFRNKFFTNIKTINSKSRICVIIDECHNFISKSLIKEDGKIRPTRSVYNFLSKTIALKNHKMICLSATPIVNSVQEFTMLVNLLRPGSLQHQSLFENKRLVDEKELVSKLGGLCSYIVNNEFSIFDDVEGSASFAKKTVLMRYVNMSKKQEEIYQKAKLAEIKTGISSFRILRRMATTFTFDSFPERQNRDPGEYAQEIATLYNDFKNSLRDREFSKSALDTFKKGELLGGDAIAADISLFTELKEKSVKFIDVCLGILASHGKCLVFEPFVNQSGIEILLLYFKVFGISNIEFSSRTKDTRIKAVAEFNQESNTNGECIKTCVFSSSGGEGISFFSINDIFILDMTWNEASLRQIVGRAIRLNSHVLTPPERRYVNVHFIMARLSNGMPTVDEDLFEIIQNKSKEFVQLFRVFKHTSLEWIHANEKDFSPIDNESGWKTLVSRAIDLSSKKNITNKLIEGTNIWYSNSNRLISINRGFKGVDGRVYDVDGNYLHDMPDNPVIKIHDGKLIYIF	#01930f
104	MT903344.1	cds	MPXV-UK_P2-107	MPXVgp109	105113	105977	-1	MDEIVKNIREGTHVLLPFYETLPELNLSLGKSPLPSLEYGANYFLQISRVNDLNRMPTDMLKLFTHDIMLPESDLDKVYEILKINSVKYYGRSTRADAVVADLSARNKLFKRERDAIKSNNHLTENNLYISDYKMLTFDVFRPLFDFVNEKYCIIKLPTLFGRGVIDTMRIYCSLFKNVRLLKCVSDSWLKDSAIMVASDVYKKNLDLFMSHVKSVTKSSSWKDVNTVQFSILNDPVDTEFINKFLEFSNRVYEALYYVHSLLYSSMTSDSKSIENKHQRRLVKLLL	#019a99
105	MT903344.1	cds	MPXV-UK_P2-108	MPXVgp110	106007	107663	-1	MNNTIINSLIGGDDFIKRSNVFAVDSQIPTLYMPQYISLSGVMTNDGPDNQAIASFEIRDQYITALNHLVLSLELPEVKGMGRFGYVPYVGYKCINHVSVSSCNGVIWEIEGEELYNNCINNTIALKHSGYSSELNDISIGLTPNDTIKEPSTVYVYIKTPFDVEDTFSSLKLSDSKITVTVTFNPVSDIVIRDSSFDFETFNKEFVYVPELSFIGYMVKNVQIKPSFIEKPRRVIGQINQPTATVTEVHAATSLSVYTKPYYGNTDNKFISYPGYSQDEKDYIDAYVSRLLDDLVIVSDGPPTGYPESAEIVEVPEDGVVSIQDADVYVKIDNVPDNMSVYLHTNLLMFGTRKNSFIYNISKKFSAITGTYSDATKRTVFAHISHTINIIDTSIPVSLWTSQRNVYNGDNRSAESKAKDLFINDPFIKGIDFKNKTDIISRLEVRFGNDVLYSENGPISRIYNELLTKSNNGTRTLTFNFTPKIFFRPTTITANVSRGKDKLSVRVVYSTMDINHPIYYVQKQLVVVCNDLYKVSYDQGVSITKIMGDNN	#019e17
106	MT903344.1	cds	MPXV-UK_P2-109	MPXVgp111	107686	108139	-1	MAKRVSLPDVVISAPKAVFKPAKEEALACILPKYYKSMADMSIKTNSVIDKCWFCNQDLVFRPISIETFKGGEVGYFCSKICRDSLASMVKSHVALREEPKISLLPLVFYEDKEKVINTINLLRDKDGVYGSCYFKENSQIIDISLRSLL	#01a4a6
107	MT903344.1	cds	MPXV-UK_P2-110	MPXVgp112	108159	108834	-1	MNLRLCSCCRHNGIVSEQGYEYCIFCESVFQKCTKVQKKSNFHVSNKLIHLRNVLRRLLSHQCSGEIISELLDIMEKNQISTDDVDANFVSSFLKANERINKKDYKLVFEIINQVKDEKLNLSTEKINEVVEIFKHLVFFCQENTPSKTINYSFFLDKIFDITSVTKNLKPQTVKNYTKNNSNQLVWENFLAHMRSKKRVTMVEDYGHEYVFVDERFSTCSLEV	#01a67f
108	MT903344.1	cds	MPXV-UK_P2-111	MPXVgp113	108830	109064	-1	MSWYEKYNIVLNPPKRCSSTCSDNLTTILSEDGTNIIRAILYSQPKKLKILQDFLTTSRNKMFLYKILDDEIRRVLT	#01a91e
109	MT903344.1	cds	MPXV-UK_P2-112	MPXVgp114	109078	111013	-1	MEAVVNSDVFLTSNAGLKSSYTNQTLSLVDEDHIHTSDKSLSCSVCNSLSQIVDDDFISAGARNQRTKPKRTGNDQSQQPIKKDCMVSIDEVASTHDWSTRLRNDGNAIAKYLTTNKYDTSNFTIQDMLNIMNKLNIVRTNRNELFQLLSHVKSTLNNASVSVKCTHPLVLIHSRASPRIGDQLKELDKIYSPSNHHILLSTTRFQSMHFTDMSSSQDLSFIYRKPETNYYIHPILMALFGIKLPALENAYVHGDTYSLIQQLYEFRRVKSYNYMLLVNRLTEDNPIVITGVSDLISTEIQRANIHTMIRKAIMNIRMGIFYCNDDDAVDPHLMKIIHTGCSQVMTDEEQILASILSIVGFRPTLVSVARPMNGISYDMKLQAAPYIVVNPMKMITTSDSPISINSKDIYSMAFDGNSGRVVFAPPNIGYGRCSGVTHIDPLGTNVMGSAVHSPVIVNGAMMFYVERRQNKNMFGGECYTGFRSLIDDTPIDVSPEIMLNGIMYRLKSAVCYKLGDQFFDCGSSDIFLKGHYTILFTENGPWMYDPLSVFNPGARNARLMRALKNQYKKLSMDSDDGFYEWLNGDGSVFAASKQQMLMNHVANFDDDLLTMEEAMSMISRHCCILIYAQDYDQYISARHITELF	#01aa16
110	MT903344.1	cds	MPXV-UK_P2-113	MPXVgp115	111065	111911	-1	MDFFNKFSQGLAESSTPKSSIYYSEEKDPDTKKDEAIEIGLKSQESYYQRQLREQLARDNMMTASRQPTQPLQPTIHITPQPVPTPTPAPILLPSSTAPVLKPRQQTNTSSDMSNLFDWLSTDTDAPASTLLPALTPSNTVQDIISKFNKDQKMTTPPSTQPSQTLPTTTCTQQSDGSISCTTPTVTPLQPPIVATVCTPTPTGGTVCTTAQQNPNPGAASQQNLDDMTLKDLMSSVEKDMRQLQAETNDLVTNVYDAREYTRRAIDQILQLVKGFERFQK	#01b1d9
111	MT903344.1	cds	MPXV-UK_P2-114	MPXVgp116	111948	112434	1	MADTDDIIDYESDDLTEYEDDEEDGESLETSDIDPKSSYKIVESTSTHIEDAHSNLKHIGNHISALKRRYTRRISLFEIAGIIAESYNLLQRGRLPLVSEFSDETMKQNMLHVIIQEIEEGSCPIVIEKNGELLSVNDFDKDGLKFHLDYIIKIWKLQKRY	#01b54c
112	MT903344.1	cds	MPXV-UK_P2-115	MPXVgp117	112430	113549	-1	MDKLRVLYDEFVTISKDNLERETGLSASDVDMDFDLNIFMTLVPVLEKKVCVITPTIEDDKIVTMMKYCSYQSFSFWFLKSGAVVKSVYNKLDDVEKEKFVATFRDMLLNVQTLISLNSMYTRLRQDTEDIVSDSKKIIEIVSHLRASTTENAAYQVLQQNNSFIISTLNKILSDENYLLKIIAVFDSKLISEKETLNEYKQLYTISSESLVYGIRCVSNLDISSVQLSNNKYVLFVKKMLPKIILFQNNDINAQQFANVISKIYTLIYRQLTSNVDVGCLLTDTIESTKTKISIEKIKQTGINNVQSLIKFISDNKKEYKTIISEEYLSKEDRIITILQNIVNEHDIKYDNKLLNMRDLIVTFRERYSYKF	#01b72e
113	MT903344.1	cds	MPXV-UK_P2-116	MPXVgp118	113572	115705	-1	MRYIVSPQLVLQVGKGQEVERALYLTPYDYIDEKSPIYYFLRSHLNIQRPEIVKRHILLTLRMTQLKGYLGNLLDIKDDIIIYSHKNNLEYSYVDNTIFNPFVYTQKKTLLKNDSFLYNVYSGACDFLVIWVARACDTSIPEFGSYEDVDNNIIKFETMLMEVFPQLDLDITVESKFNNIFRTNLKLTGLKKIIQRVQDLDINYKSLLSRYDEHFINMTGNHFILNDEQLNLSIWDLDSTLALSSDGDTVMINNVKLFTDLVSDIDTQMERIKGDITYKVHLATPINSRIKLDIETSFIFIETATNNILLSSDKKISIILAKNHISIKVKNHIPNIEKYFTFLVIAINAMFNSVQKSSDFTKVETVYWSRICQNTKNKNRKPIIINYLDPGMKKISNNFYRSDEKEVFINDNGIMFTCIDPLGKYNKVGFLNIFHDMRKYCIPCCFLHDQSHRSTFSSCVHQIDVEKKIVSPYILNFGKVVTESKMSFLPIIFDAFLNDGMTANMEQDNKRLKETSGYHIVRCCAGDDIVRLRTISDIIQFVNEDKNILIVNDMIYFPMNATDIGKKIHILIQEIVHEVMIVKKKESSDKIDFFPPNYKLLKDLFPKQTIQTPIHSDAGMVLTTDGFYIDGKLFNEDLSSKYVTFTKNVIASDAVTKYFSPLFKYVISEAKDRFIKTWMINIMIHMNVDPNNIIPTLEKYYPNSGRAQIN	#01bba4
114	MT903344.1	cds	MPXV-UK_P2-117	MPXVgp119	115758	116637	1	MFEPVPDLNLEASVELGEVNIDQTTPMIKENSGFISRSRRLFAHRSKDDERKLALRFFLQRLYFLDHREIHYLFRCVDAVKDVTITKKNNIIVAPYIALLTIASKGCKLTETMIEAFFPELYNEHSKKFKFNSQVSIIQEKLGYQSGNYHVYDFEPYYSTVALAIRDEHSSGIFNIRQESYLVSSLSEITYRFYLINLKSDLVQWSASTGAVINQMVNTVLITVYEKLQLAIENDSQFTCSLAVESELPIKLLKDRNELFTKFINELKKTSSFKISKRDKDTLLKHFTYDWS	#01c42e
115	MT903344.1	cds	MPXV-UK_P2-118	MPXVgp120	116617	116920	-1	MSCYTAILKSVGGLALFQVANGAIDLCRHFFMYFCEQKLRPNSFWFVVVRAIASMIMYLVLGIALLYISEQDDKKNTNNDSNSNNDKRNVSSINSNSSHK	#01c789
116	MT903344.1	cds	MPXV-UK_P2-119	MPXVgp121	116920	119596	-1	MMPIKSIVTLDQLEDSEYLFRIVSTVLPHLCLDYKVCDQLKTTFVHPFDVFLNNSLGSVTKQDELQATISKLGINYLIDTTSRELKLFNVTLNAGNINIINHPINISSETNPIINTHSFYDLPPFTQHLLNIRLTDTEYRARFIGGYIKPDGSDSMDVLAEKKYPDLNFDNTYLFNILYKDVINAPIKEFKAKIVNGVLSRQDFDNLIGVRQYITAQDQPRFDITYNIADAARHYGVNLNTLPLPNVDLTTMPTYKHLIMYEQYFVDDYDRVPIYYNGNRVIFNDEIINFTISMRYQSLIPRLVDFFPDIPVNNNIVLHTRDPQNAAVNVTVALPNVQFVDINRNNKFFINFFNLLAKEQRSTAIKVTKSMFWDGIDYEEYKSKTLQDMMFINSTCYVFGLYNHNNTTYCSILSDIISAEKTPIRVCLLPRVVGGKTVTNLISETLKSISSITIREFPRKDKSIMHIGLSETGFMRFFQLLRLMADKPHETAIKEVVMAYVGIKLGDKGSPYYIRKESYQDFIYLLFASMGFKVTTRRSIMGSNNISIISIRPRVTKQYIVTTLMKTSCSKNEAEKLITSAFDLLNFMVSVSDFRDYQSYRQYRNYCPRYFYAGSPEGEETIICDSEPISILDRIDTRGIFSAYTINEMMDTDIFSPENKAFKNNLSRFIESGDITGEDIFCAMPYNILDRIITNAGTCTVSIGDMLDNITTQSDCNMTNEITDMINASLKNTISKDNNMLVSQALDSVANRSKQTIGDLRQSSCKMALLFKNLATSIYTIERIFNAKVCDDVKASMLEKYKAFTDISMSLYKDLIAMENLKAMLYIIRRSGCRIDDAQITTDDLVKSYSLIRPKILSMINYYNEMSRGYFEHMKKNLNMTDGDSVSFDDE	#01c8b8
117	MT903344.1	cds	MPXV-UK_P2-120	MPXVgp122	119610	120567	1	MTTVPVTDIQNDLITEFSEDNYPSNKNYEITLRQMSILTHVNNVVDREHNAAVVSSPEEISSQLNEDLFPDDDSPATIIERVQPHTTIIDDTPPPTFRRELLISEQRQQREKRFNITVSKNSEAIMESRSMITSMPTQTPSLGVVYDKDKRIQMLEDEVVNLRNQRSNTKSSDNLDNFTRILFGKTPYKSTEVNKRIAIVNYANLNGSPLSVEDLDVCSEDEIDRIYKTIKQYHESRKRKIIVTNVIIIVINIIEQALLKLGFEEIKGLSTDITSEIIDVEIGDDCDAVASKLGIGNSPVLNIVLFILKIFVKRIKII	#01d33a
118	MT903344.1	cds	MPXV-UK_P2-121	MPXVgp123	120568	121141	-1	MADKKNLAVRSSYDDYIETVNKITPQLKNLLAQIGGDAAVKGGNNNLNSQTDVTAGACDTKSKSSKCITCKPKSKSSSSTSTSKSSKNTSGAPRRRTTATTSFNAMDGQIVQAVTNAGKIVYGTVRDGQLEVRGMVGEINHDLLGIESVNAGKKKPSKKMPTNKKINMSSGMRRQEQINPDDCCLDMGMY	#01d6f8
119	MT903344.1	cds	MPXV-UK_P2-122	MPXVgp124	121164	121377	-1	MIGILLLIGICVAVTVTILYTLYNKIKNPQNPNPSPNLNSPPPETRNTKFVNNLEKDHISSLYNLVKSSA	#01d94c
120	MT903344.1	cds	MPXV-UK_P2-123	MPXVgp125	121482	121755	-1	MDMMLMIGNYFSGVLIAGIILLILSCIFAFIDFSKSTSPTRTWKVLSIMAFILGIIITVGMLIYSMWGKHCAPHRVSGVIHTNHSDISMN	#01da8a
121	MT903344.1	cds	MPXV-UK_P2-124	A15.5L	121771	121933	-1	MISNYEPLLLLVITCCVLLFNFTISSKTKIDIIFAVQTIVFIWFIFHFVYSAI	#01dbab
122	MT903344.1	cds	MPXV-UK_P2-125	MPXVgp126	121922	122207	-1	MFVDDNSLIIYSTWPSTLSDSSGRVIIMPDNRSFTFKEGFKLDESIKSILLVNPSSIDLLKIRVYKHRIKWMGDIFVLFEQENIPPPFRLVNDK	#01dc42
123	MT903344.1	cds	MPXV-UK_P2-126	MPXVgp127	122190	123324	-1	MGAAVTLNRIKIETGIADIRDKYMVLDFNYPEYNRAVRFAEESYMYYYETSPGEIKPKFCLIDGMSIDHCSSFIVPEFAKQYVLIHGEPCSSFKFRPGSLIYYQNEVTPEYIKDLKYATDYIASGQRCHFIKKDYLLGDSDSVAKCCSKTNTKHCPKIFNNNYKTEHCDDFMTGFCRNDPGNPNCLEWLRVKRKPAMSTYSDICSKHMDARYCSEFIRIIRPDYFTFGDTALYVFCNDHKGNRNCWCANYPKSNSGDKYLGPRVCWLHECTDESRDRKWLYYNQDVQRTRCKYVGCTINVNSLALKNSQAELTSNCTRTTSAVGDVHPGEPVVNDKIKLPTWLGASITLVVISVIFYFISIYSRPKIKTNDINVRRR	#01dd4e
124	MT903344.1	cds	MPXV-UK_P2-127	MPXVgp128	123326	123941	-1	MSYLRYYNMLDDFSAGAGVLDKDLFTEEQQQSFMPKDGGMMQNDYGGIMNDYLGIFKNNDVRTLLGLILFVLALYSPPLISILMIFISSFLLPLTSLVITYCLVTQMYRGGNGNTVGMSIVCIVAAVIIMAINVFTNSQIFNIISYIILFILFFAFVMNIERQDYKRSINVPIPEQYTCNKPYTAGNKIDVDIPTFNSLNTDDY	#01e1be
125	MT903344.1	cds	MPXV-UK_P2-128	MPXVgp129	123955	125434	1	MSLLKMEYNLYAELKKMTCGQTISLFNEDGDFVEVEPGSSFKFLIPKGFYSSPCVKTSLVFETLTTTDNKITSINPTNAPKLYPLQRKVVSEVVSNMRKMIELKRPLYITLHLACGFGKTITTCYLMTTHGRKTIICVPNKMLIHQWKTQVEAVGLEHKISIDGVSSLLKELKTQSPDVLIVVSRHLTNDAFCKYINKHYDLFILDESHTYNLMNNTAVTRFLAYYPPMMCYFLTATPRPANRIYCNSIINIAKLSDLKKTIYIVDSFFEPYSTDNIRNMVKRLDGPSNKYHIYTEKLLSVDEPRNQLILDTLVEEFKSGTINRILVITKLREHMVFFYKRLLDLFGAEVVFIGDAQNRRTPDMVKSIKELNRFIFVSTLFYSGTGLDIPSLDSLFICSAVINNMQIEQLLGRVCRETELLDRTVYVFPNTSIKKIKYMIGNFVQRIISLSVDKLGFKQESYQKHQESEPASVPTSSREERVLNRIFNSQNR	#01e433
126	MT903344.1	cds	MPXV-UK_P2-129	MPXVgp130	125414	125648	-1	MDSTNMRSGMKSRKKKPKTTVIDDDDDCMTCSACQSKLVKISDITKVSLDYINTMRGNTLACSACGSSLKLLNDFAS	#01e9e6
127	MT903344.1	cds	MPXV-UK_P2-130	MPXVgp131	125648	125996	-1	MITLFLILCYFILIFNIIVPAISEKMRRERAAYVNYKRLNKNFICVDDRLFSYNFTTSGIKAKVAVNKNVPIPCSKINEVNNKDVDTLYCDKDRDDIPGFARSCYRAYSDLFFTT	#01ead0
128	MT903344.1	cds	MPXV-UK_P2-131	MPXVgp132	125994	127275	1	MTSSADLTNLKELLSLYKSLRFSDSVAIEKYNSLVEWGTSTYWKIGVQKVTNVETSISDYYDEVKNKPFNIDPGYYIFLPVYFGSVFIYSKGKNMVELGSGNSFQIPDEIRSACNKVLDSDNGIDFLRFVLLNNRWIMEDAISKYQSPVNIFKLASEYGLNIPNYLEIEIEEDTLFDDELYSIMERSFDDTFPKISISYIKLGELKRQVVDFFKFSFMYIESIKVDRIGDNIFIPSVITKSGKKILVKDVDHLIRSKVREHTFVKVKKKNTFSILYDYDGNGTETRGEVIKRIIDTIGRDYYVNGKYFSKVGIAGLKQLTNKLDINECATVDELVDEINKSGTVKRKIKNQSVFDLSRECLGYPEADFITLVNNMRFKIENCKVVNFNIENTNCLNNPSIETIYGNFNQFVSIFNTVTDVKKRLFE	#01ec2a
129	MT903344.1	cds	MPXV-UK_P2-132	MPXVgp133	127204	127768	1	METSTSSSQSLIPLPMSKKDYSSEIICAFDIGAKNPARTVLEVKDNSVRVLDISKLDWSSDWERRIAQDLSQYEYTTVLLERQPRRSPYVKFIYFIKGFLYHTSAAKVICVSPVMSGNSYRDRKKRSVEAFLDWMDTFGLRDSVPDRRKLDDVADSFNLAMRYVLDKWNTNYTPYNRCKYRNYIKKM	#01f0e4
130	MT903344.1	cds	MPXV-UK_P2-133	MPXVgp134	127787	128936	1	MDNLFTFLHEIEDRYARTIFNFHLISCDEIGDIYGLMKERISSEDMFDNIVYNKDIHPAIKKLVYCDIQLTKHIINQNTYPVFNDSSQVKCCHYFDINSNNSNISSRTVEIFESEKSSLVSYIKTTNKKRKVNYGEIKKTVHGGTNANYFSGKKSDEYLSTTVRSNINQPWIKTISKRMRVDIINHSIVTRGKSSILQTIEIIFTNRTCVKIFKDSTMHIILSKDKDEKGCINMIDKLFYVYYNLFLLFEDIIQNDYFKEVANVVNHVLMATALDEKLFLIKKMAEHDVYGVSNFKIGMFNLTFIKSLDHTVFPSLLDEDSKIKFFKGKKLNIVALRSLEDCTNYVTKSENMIEMMKERSTILNSIDIETESVDRLKELLLK	#01f32b
131	MT903344.1	cds	MPXV-UK_P2-134	MPXVgp135	128932	132427	1	MKKNTDSEMDQRLGYKFLVPDPKAGVFYRPLHFQYVSYSNFILHRLHEILTVKRPLLSFKNNTERIMIEISNVKVTPPDYSPIIASIKGKSYDALATFTVNIFKEVMTKEGISITKISSYEGKDSHLIKIPLLIGYGNKNPLDTAKYLVPNVIGGVFINKQSVEKVGINLVEKITTWPKFRVVKPNSFTFSFSSVSPPNVLPTRYRHYKISLDISQLEASNISSTKTFITVNIVLLSQYLSRVSLEFIRRSLSYDMPPEVVYLVNAIIDSAKRLTESITDFNIDTYINDLVEAEHIKQKSQLTINEFKYEMLHNFLPHMNYTPDQLKGFYMISLLRKFLYCIYHTSRYPDRDSMVCHRILTYGKYFETLAHDELENYIGNIRNDIMNNHKNRGTYAVNIHVLTTPGLNHAFSSLLSGKFKKSDGSYRTHPHYSWMQNISIPRSVGFYPDQVKISKMFSVRKYHPSQYLYFCSSDVPERGPQVGLVSQLSVLSSITNILTSEYLDLEKKICEYIRSYYKDDISYFETGFPITIENALVASLNPNMICDFVTDFRRRKRMGFFGNLEVGITLVRDHMNEIRINIGAGRLVRPFLVVDNGELMMDVCPELESRLDDMTFSDIQKEFPHVIEMVDIEQFTFSNVCESVQKFRMMSKDERKQYDLCDFPAEFRDGYVASSLVGINHNSGPRAILGCAQAKQAISCLSSDIRNKIDNGIHLMYPERPIVISKALETSKIAANCFGQHVTIALMSYKGINQEDGIIIKKQFIQRGGLDIVTAKKHQVEIPLENFNNKERDRSNAYSKLESNGLVRLNAFLESGDAMARNISSRTLEDDFARDNQISFDVSEKYTDMYKSRVERVQVELTDKVKVRVLTMKERRPILGDKFTTRTSQKGTVAYIADETELPYDENGITPDVIINSTSIFSRKTISMLIEVILTAAYSTKPYNNKGENRPVCFPSSNETSIDAYMQFAKQCYEYSNPKLSEEELSDKIFCEKILYDPETDKPYESKVFFGPIYYLRLRHLTQDKATVRCRGKKTKLIRQANEGRKRGGGIKFGEMERDCLIAHGAANTITEVLKDSEEDYQDVYICENCGDIAAQIKSINTCLRCSKLNLSPLLTKIDTTHVSKVFLTQMNARGVKVKLDFERRPPSFYKPLDKVDLKPSFLV	#01f7a4
132	MT903344.1	cds	MPXV-UK_P2-137	MPXVgp138	136148	137678	-1	MANIINLWNGIVPMVQDVNVASITAFKSMIDETWDKKIEANTCISRKHRNIIHEVIRDFMKAYPKMDENRKSPLGAPMQWLTQYYILKNEYHKTMLAYDDGSLNTKFKTLNIYMITNVGQYILYIVFCIISGKNHDGTPYIYDSEITSNDKNLINDRIKYACKQILHGQLTMALRIRNKFMFIGSPMYLWFNVNGSHVYHEIYDRNVGFHNKEIGRLLYAFMYYLSISGRFLNDLALLKFTYLGESWTFSLSVPEYILYGLGYSVFDTIEKFSNDAILVYIRTNNRNGYDYAEFNKKGIVKVTEDKPDNDKRIHAIRLINYSSDVQHIHFGFRNTLIIDNECTNIQSSAENATDIGHYQDSKINIEDDDIIDDDDDDDDDDDDDDYNPKPTPIPDPHPRPPFPRHDYHKRPKLLPVEEPDPVKKDADRIRLDNHILNTLDHNLNSIGHYCCDTVAVDRLEHHIETLGQYTVILARKINMQTLLFPWPLPTVHQHAIDGSIPPHGRSTIL	#0213d4
133	MT903344.1	cds	MPXV-UK_P2-138	MPXVgp139	137728	138061	-1	MDGTLFPGDDDLAIPATEFFSTKAAKNPETKREAIVKAYGDDNEETLKQRLTNLEKKITNITTKFEQIEKCCKRNDEVLFRLENHAETLRAAMISLAKKIDVQTGRHPYE	#021a00
134	MT903344.1	cds	MPXV-UK_P2-139	MPXVgp140	138061	138502	-1	MNSLSIFFIVVATAAVCLLFIQSYSIYENYGNIKEFNATHAAFEYSKSIGGTPALDRRVQDVNDTISDVKQKWRCVVYPGNGFVSASIFGFQAEVGPNNTRSIRKFNTMRQCIDFTFSDVINIDIYNPCIAPNINNTECQFLKSVL	#021b4d
135	MT903344.1	cds	MPXV-UK_P2-140	MPXVgp141	138502	139420	-1	MQHPREENSIVVELEPALATFIKQGFNNLVKWPLLNIGVVLYNTSTAVNEEWLTAVEHIPTMKIFYKHIHKILTREMGFLVYLKRSQSEHDNYITLYDFDYYIIDKDTNSVTMVDKPTELKETLLHVFQEYRLKSSQTIELIAFSSGTVINEDIVSKLTFLDVEVFNREYNNVKTIIDPDFVSRSPFIVISPMGKLTFFVEVYSWFDFKSCFKDIIDFLEGTLIANIHNHMIKVGDCDETVSSYNPESGMLFVNDLMTMNIVNFFGCNSRLESYHRFDMTKVDVELFIKALSDACKKILSASNRL	#021d06
136	MT903344.1	cds	MPXV-UK_P2-141	MPXVgp142	139382	139619	-1	MEDLNEANFSHLLINLSNNKDIDMQYTSTLSVVHELLSAINFKIFNINKKSKKNSKSIEQQHPVVHHAASTGREFNRR	#022076
137	MT903344.1	cds	MPXV-UK_P2-142	A32.5L	139651	139780	-1	MLKMSAADFLERLIKAGIYIYVLRTKYVITALLVKNYPIKDE	#022183
138	MT903344.1	cds	MPXV-UK_P2-143	MPXVgp143	139778	140216	1	MTSILNTLRFLEKTSFYNCNDSITKEKIKIKHKGMLFVFYKPKHSTVVKYLSGGGIYHDDLVVLGKVTINDLKMMLFYMDLSYHGVTSSGAIYKLGSSIDRLSLNRTIVTKVNNNYNNYNNYNNYNCYNNYNCYNYDDTFFDDDD	#022202
139	MT903344.1	cds	MPXV-UK_P2-144	MPXVgp144	140182	141085	-1	MPSLFSSLLTTLVFHILIYYQINLVTVNIIMNCFQEKQFSRENLLKMPFRMVLTGGSGSGKTIYLLSLFSTLVKKYKHIFLFTPVYNPDYDGYIWPNHINFVSSQEALEYNLIRTKSNIEKCIAVAQNHKKSAHFLLIFDDVGDKLSKCNTLIEFLNFGRHLNTSIILLCQTYRHVPILGRANITHFCSFNISISDAENMLRSMPVKGKRKDILNMLNMIQTARSNNRLAIIIEDSVFCEGELRICTDTADKDVIEQKLNIDILVSQYSHMKKNLNTILESTKTKLCNSDQSSSSKNVSS	#022396
140	MT903344.1	cds	MPXV-UK_P2-145	MPXVgp145	141112	141658	1	MMTPENDEEQTSVFSATVYGDKIQGKNKRKRVIGLCIRISMVISLLSMITMSAFLIVRLNQCMSANKAAITDSAVAVAAASSTHRKVVSSTTQYDHKESCNGLYYQGSCYILHSDYKSFEDAKANCAAESSTLPNKSDVLTTWLIDYVEDTWGSDGNPITKTTSDYQDSDVSQEVRKYFCT	#022738
141	MT903344.1	cds	MPXV-UK_P2-146	MPXVgp146	141662	142169	1	MKSLNRQTVSRFRKLSVPAAIMMLLSTIISGIGTFLHYREELMPSACANGWIQYDKHCYLDTNIKMSTDNAVYQCRKLRARLPRPDTRHLRVLFSIFYKDYWVSLKKTNDKWLDINNDKDIDISKLTNFKQLNSTTDSEACYIYKSGKLVKTVCKSTQSVLCVKRFYK	#02295e
142	MT903344.1	cds	MPXV-UK_P2-147	MPXVgp147	142212	142743	1	MDAAFVITPMGVLTITDTLYDDLDISIMDFIGPYIIGNIKIVQIDVRDIKYSDMQKCYFSYKGKIVPQDSNDLARFNIYSICTAYRSKNTIIIACDYDIMLDIEGKHQPFYLFPSIDVFNATIIEAYNLYTAGDYHLIINPSDNLKMKLSFNSSFCISDGNGWIIIDGKCNSNFLS	#022b84
143	MT903344.1	cds	MPXV-UK_P2-148	MPXVgp148	142788	143475	1	MLYIEQSEMMLVPLITVTVVAGTILVCYILYICRKKIRTVYNDNKIIMTKLKKIKSPNSSKSSKSTDSESDWEDHCSAMEQNNDVDNISRNEILNDDSFAGSLIWDNESNIMAPSTEHIYDSVAGSTLLINNDRNEQTIYQNTTVVINDTETVEILNEDTKQIPSYSSNPFVNYNKTSICSKSNPFIAELNNKFSDNNPFRRAHSDDYLNKQQDHEYDDIESSVVSLV	#022dc4
144	MT903344.1	cds	MPXV-UK_P2-149	MPXVgp149	143526	144333	1	MHYTNMEIFPVFGISKISNFIANNDCRYYIDVEHQKIISDEINRQMDETVLLTNILSVEVVNDNEMYHLIPHRLSTIILCISSVGGCVISIDNDVNDKNILTFPIDHAVIISPLSKCVVVSKGPTTILVVKADIPSKRLVTSFTNDILYVNNLSLINYLPSSVFIIRRVTDYLDRHICDQIFANNKWYSIITIDDKQYPIPSNCIGMSSAKYINSSIEQDILIHVCNLEHPFDSVYKKMQSYNSLPIKEQILYGRIDNINMSISISVD	#0230a6
145	MT903344.1	cds	MPXV-UK_P2-150	MPXVgp150	144584	145418	-1	MLRVRILLIYLCTFVVITSTKTIEYTACNDTIIIPCIIDNPTKYIRWKLDNHDILTYNKTSKTTILSKWHTSARLHSLSDSDVSLIMEYKDILPGTYTCGDNTGIKYTVKLIQRHTNWFNDYQTMLMFIFTGITLFLLFLEIAYTSISVVFSTNLGILQVFGCVIAMIELCGAFLFYPSMFTLRHIIGLLMMTLPSIFLIITKVFSFWLLCKLSCAVHLIIYYQLAGYILTVLGLGLSLKECVDGTLLLSGLGTIMVSEHFGLLFLVCFPSTQRDYY	#0234c8
146	MT903344.1	cds	MPXV-UK_P2-151	MPXVgp151	146123	146789	-1	MYLLFIILMYLLPFSFQTSEPAYDKSVCDSGNKEYMGIEVYVEATLDEPLRQTTCESEIHKYGASVSNGGLNISVDLLNCFLNFHTVGVYTNRDTVYAKFASLDPWTTEPMNSMTHDDLVKLTEECIVDIYLKCEVDKTKDFMKTNDNRLKPRDFKTVPPSNVGSMIELQSDYCVNDVTAYVKIYDECGNIKQHSIPTLRDYFTTKNGQPRKILKKKIDNC	#023acb
147	MT903344.1	cds	MPXV-UK_P2-152	MPXVgp152	146998	147400	1	MAEWHKIIEDISKNNKFEDAAIVDYKTTKNVLAAIPNRTFAKINPGEVIPLITNHNILKPLIGQKFCIVYTNSLMDENTYAMELLTGYAPVSPIVIARTHTALIFLMGKPTTSRRDVYRTCRDHATRVRATGN	#023e36
148	MT903344.1	cds	MPXV-UK_P2-153	MPXVgp153	147437	148028	1	MMMKWIISILTMSIMPVLTYSSSIFRFHSEDIELCYGNLYFDRIYNNVVNIKYIPEHIPYRYNFINRTFSVDELDDNVFFTHGYFLKHKYGCSLNPSLIVSLSGNLKYNDIQCSVNVSCLIKNLATSTSTILTSKHKTYSLYRSMCIAIIGYDSIIWYKYINDRYNDIYDFTAICMLIASTLIVIIYVFKKIKMNS	#023fed
149	MT903344.1	cds	MPXV-UK_P2-154	MPXVgp154	148047	148272	1	MDKIKITIDSKIGNVVTISYNLEKITIDVTPKKKKEKDVLLAQSVAVEEAKDVKVEEKNIIDIEDDDDMDIENT	#02424f
150	MT903344.1	cds	MPXV-UK_P2-155	MPXVgp158	148365	149406	-1	MAVYAVTGGAGFLGRYIVKLLISADDVQEIRVIDIVEDPQPITSKVKVINYIQCDINDFDKVREALDGVNLIIHTAALVDVFGKYTDNEIMKVNYYGTQTILAACVDLGIKYLIYTSSMEAIGPNKHGNPFIGHEHTLYDISPGHVYAKSKRMAEQLVMKANNSVIMNGAKLYTCCLRPTGIYGEGDKLTKVFYEQCKQHGNIMYRTVDDDAVHSRVYVGNVAWMHVLAAKYIQYPGSAIKGNAYFCYDYSPSCSYDMFNLLLMKPLGIEQGSRIPRWMLKMYACKNDMKRILFRKPSILNNYTLKISNTTFEVRTNNAELDFNYSPIFDVDVAFERTRKWLEESE	#02438d
151	MT903344.1	cds	MPXV-UK_P2-156	MPXVgp156	149452	149830	1	MAVCIIDHDNIRGVIYVEQVHGKDKVLGSVIGLKSGTYSLIIHRYGDISRGCDSIGSPEIFIGNIFVNRYGVAYVYLDTDVNISTIIGKALSISKNDQRLACGVIGISYINEKIIHFLTINENGV	#0247cc
152	MT903344.1	cds	MPXV-UK_P2-157	MPXVgp157	149819	150542	1	MAFDISVNASKTINALVYFSTQQDKLVIRNEVNDIHYTVEFDRDKVVDTFISYNRHNDSIEIRGVLPEETNIGRVVNTPVSMTYLYNKYSFKPILAEYIRHRNTISGNIYSALMTLDDLVIKQYGDIDLLFNEKLKVDSDSGLFDFVNFVKDMICCDSRIVVALSSLVSKHWELTNKKYRCMALAEHIADSIPISELSRLRYNLCKYLRGHTDSIEDEFDHFEDDDLSTCSAVTDRETDV	#02493b
153	MT903344.1	cds	MPXV-UK_P2-158	MPXVgp159	151519	152134	1	MSRGALIVFEGLDKSGKTTQCMNIMESIPANTIKYLNFPQRSTVTGKMIDDYLTRKKTYNDHIVNLLFCANRWEFASFIQEQLEQGITLIVDRYAFSGVAYATAKGASMTLSKSYESGLPKPDLVIFLESGSKEINRNIGEEIYEDVEFQQKVLQEYKKMIEEGDIHWQIISSEFEEDVKKELIKNIVIEAIHTVTGPVGQLWM	#024fdf
154	MT903344.1	cds	MPXV-UK_P2-159	MPXVgp160	152702	154382	1	MTSLREFRKLCCDIYHASGYKEKSKLIRDFITDRDDTDTYLIIKLLLPGLDDRMYNMNDKQIIKLYSIIFKQSQEDMLQDLGYGYIGDTIRTFFKENTEIRPRDKSILTLEEVDSFLTTLSSVTKESHQIKLLTDIASVCTCNDLKCVVMLIDKDLKIKAGPRYVLNAISPHAYDVFRKSNNLKEIIENAAKQNLDSISISVMTPINPMLAESCDSVNKAFKKFPSGMFAEVKYDGERVQVHKKNNEFAFFSRNMKPVLSHKVDYLKEYIPKAFKKATSIVLDSEIVLVDEHNVPLPFGSLGIHKKKEYKNSNMCLFVFDCLYFDGFDMTDIPLYERRSFLKDVMVEIPNRIVFSELTNISNESQLTDVLDDALTRKLEGLVLKDINGVYEPGKRRWLKIKRDYLNEGSMADSADLVVLGAYYGKGGKGGIMAVFLMGCYDDESGKWKTVTKCSGHDDNTLRVLQDQLTMVKINKDPKKIPEWLVVNKIYIPDFVVDDPKQSQIWEISGAEFTSSKSHTANGISIRFPRFTRIREDKTWKESTHLNDLVNLTKSLNSYI	#02547e
155	MT903344.1	cds	MPXV-UK_P2-160	MPXVgp161	154422	155427	1	MDGVIVYCLNALVKHGEEINHIKNDFMIKPCCERVCEKVKNVHIGGQSKNNTVIADLPYLDNAVSDVCKSIYKKNVSRISRFANLIKIDDDDKTPTGVYNYFKPKDAIPVIISIGKDKDVCELLISSDKACACIKLNLYKVAILPMDVSFFTKGNASLIILLFDFSIDAAPLLRSVTDNNVIISRHQRLHDELPSSNWFKFYISIKSDYCSILYMVVDGSMMYAIADNRTHAIISKNILDNTTINDECRCCYSEPQIRILDRDEMLNGSSCYMNRHCIMMNLPDVGEFGSSMLGKYEPDMIKIALSVAGNLIRNRDYIPGRRGYSYYVYGIASR	#025b36
156	MT903344.1	cds	MPXV-UK_P2-162	MPXVgp163	158927	159869	1	MTQLPILLLLISLVYATPSPQTSKKIGDDATISCSRNNTNYYVVMSAWYKEPNSIILLAAKSDVLYFDNYTKDKISYDSPYDDLVTTITIKSLTAGDAGTYICAFFMTSTTNDTDKVDYEEYSIELIVNTDSESTIDIILSGSTPETISEKPEDIDNSNCSSVFEITTPEPITDNVDDHTDTVTYTSDSINTVNASSGESTTDEIPEPITDKEEDHTVTDTVSYTTVSTSSGIVTTKSTTDDADLYDTYNDNDTVPPTTVGGSTTSISNYKTKDFVEIFGITTLIILSAVAIFCITYYICNKHPRKYKTENKV	#026ccf
157	MT903344.1	cds	MPXV-UK_P2-163	MPXVgp164	160632	161544	1	MKFQGLVLIDNCKNQWVVGPLIGKGGFGSIYTTNDNNYVVKIEPKANGSLFTEQAFYTRVLKPSVIEEWKKSHNIKHVGLITCKAFGLYKSINVEYRFLVINRLGADLDAVIRANNNRLPERSVMLIGIEILNTIQFMHEQGYSHGDIKASNIVLDQIDKNKLYLVDYGLVSKFMSNGEHVPFIRNPNKMDNGTLEFTPIDSHKGYVVSRRGDLETLGYCMIRWLGGILPWTKISETKNSALVSAAKQKYVNNTATLLMTSLQYAPRELLQYITMVNSLTYFEEPNYDEFRRVLMNGVMKNFC	#027378
158	MT903344.1	cds	MPXV-UK_P2-164	MPXVgp165	161606	163118	1	MFYAHAFGGYDENLHAFPGISSTVANDVRKYSVVSVYNKKYNIVKNKYMWCNSQVNKRYIGALLPMFECNEYLQIGDPIHDLEGNQISIVTYRHKNYYALSGIGYESLDLCLEGVGIHHHVLETGNAVYGKVQHEYSTIKEKAKEMNALKPGPIIDYHVWIGDCVCQVTTVDVHGKEIMRMRFKRGAVLPIPNLVKVKVGEENDTINLSTSISALLNSGGGTIEVTSKEERVDYVLMKRLESIHHLWSVVYDHLNVVNGEERCYVHMHSSHQSPMLSTVKTNLYMKTMGACLQMDSMEALEYLSELKESGGRSPRPELQKFEYPDGVKDTESIERLAEEFFNRSELQAGESVKFGNSINVKHTSVSAKQLRTRIRQQLPSILSSFANTKGGYLFIGVDNNTHKVIGFTVGHDYLKLVESDIEKYIQKLPVVHFCKKKEDIKYACRFIKVYKPGDETTSTYVCAIKVERCCCAVFADWPESWYMDTSGSMKKYSPDEWVSHIKF	#027746
159	MT903344.1	cds	MPXV-UK_P2-165	MPXVgp166	163343	165029	1	MDFFKKEILDWSIYLFLHYITRLCSNSSNSSTSHIIQEYNLVRKYEKVDKTIVDFLSRWPNLFHILEYGENILHIYFIDAANTNIMIFFLDRVLNINKNRGSFIHNLGLSSINIKEYVYQLVNNDHLDNSIRLMLENGRRTRHFLSYILDTVNIYISILINHRFYIDAEDSYGCTLLHRCIYNYKKSESESYNELIKILLNNGSDVDKKDTYGNTPFILLCKHDIDNAELFEICLENANIDSVDFNGYTPLHYVSCRNKYDFVKLLISKGANVNARNRFGTTPFYCGIIHGISLIKLYLESDTELEIDNEHIVRHLIIFDAVESLDYLLSRGVIDINYRTIYNETSIYDAVSYNAYNTLVYLLNRNGDFETITTSGCTCISEAVANNNKIIMDILLSKRPSLKIMIPSMIAITKHKQHNADLLKMCIKYTACMTDYDTLIDVQSLHQYKWYILKCFDEIDIMKRCYIKNKTVFQLVFCIKDINTLMRYGRHPSFVKCNILDVYGSCVRNIIASIRYRQRLISLLSKKLDAGDKWSCFPNEIKYKILENFNDNELTTYLKIL	#027e0f
160	MT903344.1	cds	MPXV-UK_P2-166	MPXVgp167	165132	166086	1	MKTISVVTLLCVLPAVVYSTCTVPTMNNAKLTSTETSFNDKQKVTFTCDSGYHSLDPNAVCETDKWKYENPCKKMCTVSDYVSELYDKPLYEVNSTMTLSCNGETKYFRCEEKNGNTSWNDTVTCPNAECQPLQLEHGSCQPVKEKYSFGEYMTINCDVGYEVIGVSYISCTANSWNVIPSCQQKCDIPSLSNGLISGSTFSIGGVIHLSCKSGFTLTGSPSSTCIDGKWNPILPTCVRSNEEFDPVDDGPDDETDLSKLSKDVVQYEQEIESLEATYHIIIMALTIMGVIFLISIIVLVCSCDKNNDQYKFHKLLP	#02850c
161	MT903344.1	cds	MPXV-UK_P2-167	MPXVgp168	166171	166678	1	MSSSVDVDIYDAVRAFLLRHYYDKRFIVYGRSNTILHNIYRLFTRCTVIPFDDIVRTMPNESRVKQWVMDTLNGIMMNEFDTVCVGTGLRFMEMFFDYNKNNPKNSINNQIMYDIINSVAIILANERYRSAFNDDRIYIRRTMMDKLYEYASLTTIGTITGGVCYFIC	#02891b
162	MT903344.1	cds	MPXV-UK_P2-168	MPXVgp169	166741	167290	1	MYKKLITFLFVIGAVASYSNNEYTPFNKLSVKLYIDGVDNIENSYTDDNNELVLNFKEYTISIITESCDVGFDSIDIDVINDYKIIDMYTIDSSTIQRRGHTCRISTKLSCHYDKYPYIHKYEGDERQYSITAEGKCYKGIKYEISMMNDDTLLRKHTLKIGFTYIFDRHGHSNTYYSKYDF	#028b55
163	MT903344.1	cds	MPXV-UK_P2-169	MPXVgp170	167344	168148	1	MRYIIILAVLFINSIHAKITSYKFESVNFDSKIEWTGDGLYNISLKNYGIKTWQTMYTNVPEGTYDISGFPKNDFVSFWVKFEQGDYKVEEYCTGLCVEVKIGPPTVILTEYDDHINLFIEHPYATRGSKKIPIYKRGDMCDIYLLYTANFTFGDSEEPVTYDIDDYDCTSTGCSIDFATTEKVCVTAQGATEGFLEKITPWSSEVCLTPKKNVYTCAIRSKEDVPNFKDKIARVITRKFNKQSQSYLTKFLGSTSNDVTTFFSILD	#028db0
164	MT903344.1	cds	MPXV-UK_P2-170	MPXVgp171	168240	168906	1	MRSLIIVLLFPSIIYSMSIRRCEKTEEETWGLKIGLCIIAKDFYPERTDCSVHRPTASGGLITEGNGFRVVIYDQCTEPHDFIITDTQQTRLGSSHTYIKFSNMNTGVPSSIPKCSRTLCISVYCDQEAGDIKFEEYTQESSDISIRVKYDSSCIDYLGINQSFMNECIRRITTWDRESCVRIDTQTINKYLKSCTNTKFDRNVYKRYILKSKALHAKTEL	#029130
165	MT903344.1	cds	MPXV-UK_P2-171	Hypothetical protein (Cop-B11R)	169680	169983	1	MYSGIYPIVLLLTTNMDSDTDTDTDTDTDTDTDTDVEDIMNEIDREKEEILKNVEIENNKNINKNHPSEYIREALVINTSSNSDSIDKEVIEYISHDVGI	#0296d0
166	MT903344.1	cds	MPXV-UK_P2-172	MPXVgp172	170048	170897	1	MESFKYCFDNDGKKWIIGNTLYSGNSILYKVRKNFTSSFYNYVMKIDHKSHKPLLSEIRFYISVLDPLTINNWTRERGIKYLAIPDLYGIGETDDYMFFIIKNLGRVFAPKDSESVFEACVTMINTLEFIHSQGFTHGKIEPMNILIRNKRISLIDYSRTNKLYKSGTHIDYNEDMITSGNINYMCVDNHLGATVSRRGDLEMLGYCMIEWFGGKLPWKNESSIKVIKQKKEYKQFIATFFEDCFPEGNEPLELVRYIELVYMLDYSQTPNYDRLRRLFIQD	#029840
167	MT903344.1	cds	MPXV-UK_P2-173	MPXVgp173	170998	172033	1	MDIFREIASSMKGKNVFISPASISSVLTILYYGANGSTAEQLSKYVEKEENMDKVSAQNISFKSMNKVYGRYSAVFKDSFLGKIGDKFQTVDFTDCRTIDAINKCVDIFTEGKINPLLDEPLSPDTCLLAISAVYFKAKWLMPFEKEFTSDYPFYVSPTEMVDVSMMSIYGEPFNHASVKESFGNFSIIELPYVGDTSMMVILPNKIDGLESIEQNLTDTNFKKWCNSLKATFIDVHIPKFKVIGSYNLVDTLIKLGLTDVFYSTGDYINMCNSDVSVDAMIHKTYIDVNEEYTEAAAATSVLVADCASTVTNEFCADHPFIYVIRHVDGKILFVGRYCSPTTN	#029bf6
168	MT903344.1	cds	MPXV-UK_P2-174	MPXVgp174	172160	172610	1	MTANFSTHVFSPQHCGCDRLTSIDDVRQCLTEYIYWSSYAYRNRQCAGQLYDTLLSFKDDAESVFIDVRELVKNMPWDNVKDCTEIIRCYIPDEQKTIREISAIIGLCAYAATYWGGEDHPTSNSLNALFVMLEMLNYMDYTIIFWRMN	#02a080
169	MT903344.1	cds	MPXV-UK_P2-175	MPXVgp175	172695	173238	1	MSILPVIFLPIFFYSPFVQTFNVPECIDKGQYFASFMELENEPVILPCPQINTLSSGYNILDILWEKRGADNDRIIQIDNGSNMLILNPTQSDSGIYIYITTNETYCDMMSLNLTIVSVSESNIDLISYPQIVNERSTGKMVCPNINAFISSNVNTELYGADIDALEIRDLNNGHLELLP	#02a297
170	MT903344.1	cds	MPXV-UK_P2-177	MPXVgp177	174618	175674	1	MKMKMMVRIYFVSLSLLLFHSYAIDIENEITEFFNKMRDTLPAKDSKWLNPVCMFGGTMNDMAALGEPFSAKCPPIEDSLLSHRYKDYVVKWERLEKNRRRQVSNKRVKHGDLWIANYTSKFSNRRYLCTVTTKNGDCVQGVVRSHVWKPSSCIPKTYELGTYDKYGIDLYCGILYANHYNNITWYKDNKEINIDDFKYSQAGKELIIHNPELEDSGRYDCYVHYDDVRIKNDIVVSRCKILTVIPSQDHRFKLILDPKINVTIGEPANITCSAVSTSLFVDDVLIEWENPSGWIIGLDFGVYSILTSRGGITEATLYFENVTEEYIGNTYTCRGHNYYFDKTLTTTVVLE	#02aa1a
171	MT903344.1	cds	MPXV-UK_P2-178	MPXVgp178	175742	178106	1	MDEDTRLSRYLYLTDREHINVDSIKQLCKISDPNACYRCGCTALHEYFYNYRSVNGKYKYRYNGYYQYYSSSDYENYNEYYYDDYDRTGMNSESDNISIKTEYENEYEFYDETQDQSTQLVDYDIKLKTNEDDFVDEFYGYDRSVGVHDYIDVSINKVVYGRESHVRWWDIWQEHNDGVYSIGKECIDNIYEDRHTVDEFYKIDSVSDVDDAEHISQITNDVSTQTWEKKSELDRYMEMYPRHRYGKHSVFKGFSDKVRKNDLDMNVVKELLSNGASLTIKDSSNKDPIAVYFRRTIMNLEMIDIINKHTTIYERRYIVHSYLKNYRNFDYPFFRKLVLTNKHCLNNYCNISDGKYGTPLHILASNKKIITPNYMKLLVYNGNDINARGEDTQMRTPLHKYLCKFVYHNIEYGIRYYNEKIIDAFIELGADLTIPNDDGMIPVVYCIHSNAEYGYNNITNIKIIRKLLNLSRHASHNLFRDRVMHDYISNTYIDLECLDIIRSLDGYDINCYFEGRTPLHCAIQYNFTQIAEYLLDRGADISLKTDDGKTVFDLSLCSYIPLKWTSFLISRLPPKSVICSLTNHIIDYVLTNNRRIIWQSQMINKYVLLLDPSFYYRFRNVIENKLDQYNNRYNMFEHDRDVNEKYGKVLHDLDTYIKDVQVLKSTSITNNITLYDTIINNKSEFPIRRVNDKQLINLIKSNTYHNLIEKVIKNTLEKYTLTNIVLEYMISSRSQSSYLSRIPNEILLEILYKLDMYDLRNLYTRYMRENDITEYHIENTRSVSTQT	#02ae7e
172	MT903344.1	cds	MPXV-UK_P2-180	MPXVgp180	179280	180354	1	MDIFKELILKHTDENVLISPVSILSTLSILNHGAAGSTAEQLSKYIENMNENTPDDKKDDNNDMDVDIPYCATLATANKIYGSDSIEFHASFLQKIKDDFQTVNFNNANQTKELINEWVKTMTNGKINSLLTSPLSINTRMIVISAVHFKAMWKYPFSKHLTYTDKFYISKNIVTSVDMMVGTENDLQYVHINELFGGFSIIDIPYEGNSSMVIILPDDIEGIYNIEKNITDEKFKKWCGMLSTKSIDLYMPKFKVEMTEPYNLVPILENLGLTNIFGYYADFSKMCNETITVEKFLHTTFIDVNEEYTEVSAVTGVFMTNFSMVYRMKVYINHPFIYMIKDNTGHTLFIGKYCYPQ	#02bc50
173	MT903344.1	cds	MPXV-UK_P2-181	MPXVgp181	180532	181105	1	MTIYGLIAYLIFVTSSIASPLYIPVIPPISEDKSFNSVEVLVSLFPDDQKDYTVTSQFNNYTIGTKDWTINVLSTPDGLDIPLTNITYWSRFTIGRALFKSESEDIFQKKMSILGVSIECKKPSTLLTFLTVRKMTRVFNRFPDMAYYRGDCLEAVYVTMTYKNTKTGETDYTYLSNGGLPAYYRNGVDG	#02c134
174	MT903344.1	cds	MPXV-UK_P2-182	MPXVgp182	181370	187013	1	MNFQKLSLAIYLTVTCSWCYETCMRKTALYHDIQLEHVEDNKDSVASLPYKYLQVVKQRERSRLLATFNWTDIAEGVRNEFIKICDINGTYLYNYTIAVSIIIDSTEELPTVTPITTYEPSIYNYTIDYSTVITTEELQVTPTYAPVTTPLPTSAVPYDQRSNNNVSTISIQVLSKILGVNETELTNYLIMHKNDTVDNNTMVDDETSDNNTLHGNIGFLEINNCYNVSVSDASFRITLVNDTSEEILLMLTGTSSSDTFISSTNITECLKTLINNVSINDVLITQNMNVTSNCDKCSMNLMASVIPAVNEFNNTLMKIGVKDDENNTVYKYYNCKLTTNSTCDELINLDEVINNITLTNIIHNSVSTTNSRKRRDLNDEFEFSTSKELDCLYESYGVNDDISHCFASPRRRRSDDKKEYMDMKLFDHAKKDLGIDSVIPRGTTHFQVGASGASGGVVGDSFPFQNVKSRASLLAEKIMPRVPITATEADLYATVNRQPKLPAGVKSTPFTEALVSTINQKLSNVREVTYASLNLPGSSGYVHRPSDSVIYSSIRRSRLPSDSDSDYEDIQTVVKEYNERYGRSVSRTQSSSSESDFEDIDTVVREYRQKYGNAMAKGRSSSPKPDPLYSTVKKTTKSLSTGVDIVTKQSDYSLLPDVNTGSSIVSPLTRKGATRRRPRRPTNDGLQSPNPPLRNPLPQHDDYSPPQVHRPPPLPPKPVQNPPQLPPRPVGQLLPPPIDQPDKGFSKFVSPRRCRRASSGVICGMIQSKPNDDTYSLLQRSKIEPEYVEVGNGIPKNNVPVIGNKHSKKYTSTMSKISTKFDKSTAFGAAMLLTGQQAISQQTRSTTLSRKDQMSKEEKIFEAVTMSLSTIGSTLTSAGMTGGPKLMIAGMAITAITGIIDTIKDIYYMFSGQERPVDPVIKLFNKYTGLMSDNNKMGVRKCLTPGDDTLIYIAYRNDTSFKQNTDAMALYFLDVIDSEILYLNTSNLVLEYQLKVACPIGTLRSVDVDITAYTILYDTADNIKKYKFIRMATLLSKHPVIRLTCGLAATLVIKPYEVPISDMQLLKMATPGEPESTKSIPSDVCDRYPLKKFYLLAGGCPYDTSQTFIVHTTCSILLRTATRDQFRNRWVLQNPFRQEGTYKQLFTFSKYDFNDTIIDPNGVVGHASFCTNRSSNQCFWSEPMILEDVSSCSSRTRKIYVKLGIFNAEGFNSFVLNCPTGSTPTYIKHKNADSNNVIIELPVGDYGTAKLYSATKPSRIAVFCTHNYDKRFKSDIIVLMFNKNSGIPFWSMYTGSVTSKNRMFATLARGMPFRSTYCDNRRRSGCYYAGIPFHEDSVETDIHYGPEIMLKETYDINSIDPRVITKSKTHFPAPLSVKFMVDNLGNGYDNPNSFWEDAKTKKRTYSAMTIKVLPCTVRNKNIDFGYNYGDIISNMVYLQSTSQDYGDGTKYTFKSVTRSDHECESSLDLTSKEVTVTCPAFSIPRNISTYEGLCFSVTTSKDHCATGIGWLKSSGYGKEDADKPRACFHHWNYYTLSLDYYCSYEDIWRSTWPDYDPCKSYIHIEYRDTWIESNVLQQPPYTFEFIHDNSNEYVDKEISNKLNDLYNEYKKIMEYSDGSLPASINRLAKALTSEGREIASVNIDGNLLDIAYQADKEKMADIQTRINDIIRDLFIHTLSDKDIKDIIESEEGKRCCIIDVKNNLVKKYYSIDNYLCDTLDDYIYTSVEYNKSYVLVNDTYMSYDYLESSGVVVLSCYEMTIISLDTKDAKDAIEDVIVASAVAEALNDMFKEFDKNVSAIIIKEEDNYLNSSPDIYHIIYIIGGTILLLLVIILILAIYIARNKYRTRKYEIMKYDNMSIKSEHHDSLETVSMEIIDNRY	#02c47a
175	MT903344.1	cds	MPXV-UK_P2-184	MPXVgp185	189213	189675	1	MASPCAQFSPCHCHATKDSLNTVTDVRHCLTEYILWVSHRWTHRESAGPLYRLLISFRIDAMELFGSELKEFSNSLPWDNIDNCVEIIKCFIRNDSMKTAKELCAIIGLCTQSAIVTGRVFNDKYIDILLMLRKILNENDYLTLLDHILTAKY	#02e31d
176	MT903344.1	cds	MPXV-UK_P2-185	MPXVgp186	190111	190333	1	MYISHKYPLCNIINGYIDNAIGTNSIVKDIIDYLRTYPDIYIPTSLLRSCIIDMHDLSGFRDELLSKLQSHNK	#02e69f
177	MT903344.1	cds	MPXV-UK_P2-187	MPXVgp188	191068	192382	1	MESVDFMAVDEQFHDDLDLWSLSLVDDYKKHGLGVDCYVLEPVVDRKIFDRFLLEPICDPVDVLYDYFRIHRDNIDQYIVDRLFAYITYKDIISALVSKNYMEDIFSIIIKNCNSVQDLLLYYLSNAYVEIDIVDLMVDHGAVIYKIECLNAYFRGICKKESSVVEFILNCGIPDENDVKLDLYKIIQYTRGFLVDEPTVLEIYKLCIPYIEDINQLDAGGRTLLYRAIYAGYIDLVSWLLENGANVNAVMSNGYTCLDVAVDRGSVIARREAHLKILEILLREPLSIDCIKLAILNNTIENHDVIKLCIKYFMMVDYSLCNVYASSLFDYIIDCKQELEYIRQMKIHNTTMYELIYNRDKNKHASHILHRYSKHPVLTQCITKGFKIYTEVTEQVTKALNRRALIDEIINNVSTDDNLLSKLPLEIRDLIVSQAVI	#02ea5c
178	MT903344.1	cds	MPXV-UK_P2-188	MPXVgp189	192617	194384	1	MDEMDEIVRIVNDSMWYVPNAFMDDGDNEGHISVNNVCHMYLAFFDVDISSHLFKLVIKHCDLNKRLKCGNSPLHCYTMNTRFNPSVLKILLRHGMRNFDSKDKKGHIPLHHYLIHSLSIDNKIFDILTDPIDDFSKSSDLLLCYLRYKFNGSLNYYVLYKLLTKGSDPNCVDEDGLTSLHYYCKHISAFHESNYYKSKSHTKMRAEKRFIYAIIDHGANINAVTKIGNTPLHTYLQQYTKHSPRVVYALLSRGADTRIRNNLDCTPIMEYIKNDCATGHILIMLLNWHEQKYGKLQKEEGQHLLYLFIKHNQGYGSRSLNILRYLLDRFDIQKDEYYNTMTPLHTAFQNCNNNVASYLVYIGYDINLPTKDDKTVFDLVFENRNIIYKADVVNDIIHHRLKVSLPMIKSLFYKMSEFSPYDDHYVKKIIAYCLLRDESFAELHTKFCLNEDYKSVFMKNISFDKIDSIIEKCSRDISLLKEIRISDTDLYTVLRTEDIRYHTYLEAIHSDKRISFPMYDDLIEQCHLSMEHKSKLVDKALNKLESTIDSQSRLSYLPPEIMRNIITKLSDYHLNSMLYGKNHYKYYP	#02f069
179	MT903344.1	cds	MPXV-UK_P2-189	MPXVgp190	194473	195523	1	MRSVLYSYILFLSCIIINGRDIAPHAPSNGKCKDNEYRSRNLCCLSCPPGTYASRLCDSKTNTQCTPCGSDTFTSHNNHLQACLSCNGRCDSNQVETRSCNTTHNRICECSPGYYCLLKGASGCRTCISKTKCGIGYGVSGYTSTGDVICSPCGPGTYSHTVSSTDKCEPVVTSNTFNYIDVEINLYPVNDTSCTRTTTTGLSESISTSELTITMNHKDCDPVFRAEYFSVLNNVATSGFFTGENRYQNTSKICTLNFEIKCNNKDSSSKQLTKTKNDTIMPHSETVTLVGDCLSSVDIYILYSNTNTQDYENDTISYHMGNVLDVNSHMPASCDIHKLITNSQNPTHL	#02f7a9
180	MT903344.1	cds	MPXV-UK_P2-190	MPXVgp191	195649	196390	1	MKQYIVLACMCLVAAAMPTSLQQSSSSCTEEENKHHMGIDVIIKVTKQDQTPTNDKICQSVTEVTETEDDEVSEEVVKGDPTTYYTIVGAGLNMNFGFTKCPKISSISESSDGNTVNTRLSSVSPGQGKDSPAITREEALAMIKDCEMSIDIRCSEEEKDSDIKTHPVLGSNISHKKVSYKDIIGSTIVDTKCVKNLEFSVRIGDMCEESSELEVKDGFKYVDGSASEGATDDTSLIDSTKLKACV	#02fc41
